date,ticker,model,probability_up,prediction,signal
2025-01-02,ASII.JK,xgboost,0.43682,0,SELL
2025-01-03,ASII.JK,xgboost,0.46252,0,HOLD
2025-01-06,ASII.JK,xgboost,0.47001,0,HOLD
2025-01-07,ASII.JK,xgboost,0.4228,0,SELL
2025-01-08,ASII.JK,xgboost,0.47336,0,HOLD
2025-01-09,ASII.JK,xgboost,0.42948,0,SELL
2025-01-10,ASII.JK,xgboost,0.42948,0,SELL
2025-01-13,ASII.JK,xgboost,0.54087,1,HOLD
2025-01-14,ASII.JK,xgboost,0.45955,0,HOLD
2025-01-15,ASII.JK,xgboost,0.41984,0,SELL
2025-01-16,ASII.JK,xgboost,0.45159,0,HOLD
2025-01-17,ASII.JK,xgboost,0.44238,0,SELL
2025-01-20,ASII.JK,xgboost,0.3514,0,SELL
2025-01-21,ASII.JK,xgboost,0.44238,0,SELL
2025-01-22,ASII.JK,xgboost,0.44007,0,SELL
2025-01-23,ASII.JK,xgboost,0.43682,0,SELL
2025-01-24,ASII.JK,xgboost,0.44862,0,SELL
2025-01-30,ASII.JK,xgboost,0.44007,0,SELL
2025-01-31,ASII.JK,xgboost,0.48336,0,HOLD
2025-02-03,ASII.JK,xgboost,0.43999,0,SELL
2025-02-04,ASII.JK,xgboost,0.43682,0,SELL
2025-02-05,ASII.JK,xgboost,0.49486,0,HOLD
2025-02-06,ASII.JK,xgboost,0.54184,1,HOLD
2025-02-07,ASII.JK,xgboost,0.43999,0,SELL
2025-02-10,ASII.JK,xgboost,0.38215,0,SELL
2025-02-11,ASII.JK,xgboost,0.46183,0,HOLD
2025-02-12,ASII.JK,xgboost,0.4285,0,SELL
2025-02-13,ASII.JK,xgboost,0.44551,0,SELL
2025-02-14,ASII.JK,xgboost,0.44843,0,SELL
2025-02-17,ASII.JK,xgboost,0.4724,0,HOLD
2025-02-18,ASII.JK,xgboost,0.48703,0,HOLD
2025-02-19,ASII.JK,xgboost,0.46916,0,HOLD
2025-02-20,ASII.JK,xgboost,0.42948,0,SELL
2025-02-21,ASII.JK,xgboost,0.45297,0,HOLD
2025-02-24,ASII.JK,xgboost,0.45655,0,HOLD
2025-02-25,ASII.JK,xgboost,0.42116,0,SELL
2025-02-26,ASII.JK,xgboost,0.44238,0,SELL
2025-02-27,ASII.JK,xgboost,0.44518,0,SELL
2025-02-28,ASII.JK,xgboost,0.48525,0,HOLD
2025-03-03,ASII.JK,xgboost,0.42948,0,SELL
2025-03-04,ASII.JK,xgboost,0.43799,0,SELL
2025-03-05,ASII.JK,xgboost,0.4619,0,HOLD
2025-03-06,ASII.JK,xgboost,0.45297,0,HOLD
2025-03-07,ASII.JK,xgboost,0.43682,0,SELL
2025-03-10,ASII.JK,xgboost,0.44026,0,SELL
2025-03-11,ASII.JK,xgboost,0.48379,0,HOLD
2025-03-12,ASII.JK,xgboost,0.43682,0,SELL
2025-03-13,ASII.JK,xgboost,0.51417,1,HOLD
2025-03-14,ASII.JK,xgboost,0.43682,0,SELL
2025-03-17,ASII.JK,xgboost,0.43869,0,SELL
2025-03-18,ASII.JK,xgboost,0.44518,0,SELL
2025-03-19,ASII.JK,xgboost,0.43871,0,SELL
2025-03-20,ASII.JK,xgboost,0.43682,0,SELL
2025-03-21,ASII.JK,xgboost,0.43682,0,SELL
2025-03-24,ASII.JK,xgboost,0.43869,0,SELL
2025-03-25,ASII.JK,xgboost,0.50653,1,HOLD
2025-03-26,ASII.JK,xgboost,0.43682,0,SELL
2025-03-27,ASII.JK,xgboost,0.48569,0,HOLD
2025-04-08,ASII.JK,xgboost,0.48333,0,HOLD
2025-04-09,ASII.JK,xgboost,0.46256,0,HOLD
2025-04-10,ASII.JK,xgboost,0.47046,0,HOLD
2025-04-11,ASII.JK,xgboost,0.42992,0,SELL
2025-04-14,ASII.JK,xgboost,0.41546,0,SELL
2025-04-15,ASII.JK,xgboost,0.37843,0,SELL
2025-04-16,ASII.JK,xgboost,0.44843,0,SELL
2025-04-17,ASII.JK,xgboost,0.49698,0,HOLD
2025-04-21,ASII.JK,xgboost,0.46252,0,HOLD
2025-04-22,ASII.JK,xgboost,0.52742,1,HOLD
2025-04-23,ASII.JK,xgboost,0.42733,0,SELL
2025-04-24,ASII.JK,xgboost,0.43869,0,SELL
2025-04-25,ASII.JK,xgboost,0.44518,0,SELL
2025-04-28,ASII.JK,xgboost,0.44518,0,SELL
2025-04-29,ASII.JK,xgboost,0.47413,0,HOLD
2025-04-30,ASII.JK,xgboost,0.47757,0,HOLD
2025-05-02,ASII.JK,xgboost,0.44196,0,SELL
2025-05-05,ASII.JK,xgboost,0.44194,0,SELL
2025-05-06,ASII.JK,xgboost,0.44819,0,SELL
2025-05-07,ASII.JK,xgboost,0.40159,0,SELL
2025-05-08,ASII.JK,xgboost,0.45162,0,HOLD
2025-05-09,ASII.JK,xgboost,0.40418,0,SELL
2025-05-14,ASII.JK,xgboost,0.47413,0,HOLD
2025-05-15,ASII.JK,xgboost,0.47542,0,HOLD
2025-05-16,ASII.JK,xgboost,0.44942,0,SELL
2025-05-19,ASII.JK,xgboost,0.44972,0,SELL
2025-05-20,ASII.JK,xgboost,0.47709,0,HOLD
2025-05-21,ASII.JK,xgboost,0.41793,0,SELL
2025-05-22,ASII.JK,xgboost,0.46873,0,HOLD
2025-05-23,ASII.JK,xgboost,0.36368,0,SELL
2025-05-26,ASII.JK,xgboost,0.43869,0,SELL
2025-05-27,ASII.JK,xgboost,0.43686,0,SELL
2025-05-28,ASII.JK,xgboost,0.43869,0,SELL
2025-06-02,ASII.JK,xgboost,0.49172,0,HOLD
2025-06-03,ASII.JK,xgboost,0.46133,0,HOLD
2025-06-04,ASII.JK,xgboost,0.50279,1,HOLD
2025-06-05,ASII.JK,xgboost,0.45289,0,HOLD
2025-06-10,ASII.JK,xgboost,0.43999,0,SELL
2025-06-11,ASII.JK,xgboost,0.51493,1,HOLD
2025-06-12,ASII.JK,xgboost,0.54649,1,HOLD
2025-06-13,ASII.JK,xgboost,0.48523,0,HOLD
2025-06-16,ASII.JK,xgboost,0.47729,0,HOLD
2025-06-17,ASII.JK,xgboost,0.4228,0,SELL
2025-06-18,ASII.JK,xgboost,0.44007,0,SELL
2025-06-19,ASII.JK,xgboost,0.49596,0,HOLD
2025-06-20,ASII.JK,xgboost,0.55638,1,BUY
2025-06-23,ASII.JK,xgboost,0.52232,1,HOLD
2025-06-24,ASII.JK,xgboost,0.54899,1,HOLD
2025-06-25,ASII.JK,xgboost,0.45809,0,HOLD
2025-06-26,ASII.JK,xgboost,0.48703,0,HOLD
2025-06-30,ASII.JK,xgboost,0.4228,0,SELL
2025-07-01,ASII.JK,xgboost,0.44662,0,SELL
2025-07-02,ASII.JK,xgboost,0.43682,0,SELL
2025-07-03,ASII.JK,xgboost,0.39095,0,SELL
2025-07-04,ASII.JK,xgboost,0.4285,0,SELL
2025-07-07,ASII.JK,xgboost,0.4125,0,SELL
2025-07-08,ASII.JK,xgboost,0.45486,0,HOLD
2025-07-09,ASII.JK,xgboost,0.42467,0,SELL
2025-07-10,ASII.JK,xgboost,0.49675,0,HOLD
2025-07-11,ASII.JK,xgboost,0.46947,0,HOLD
2025-07-14,ASII.JK,xgboost,0.46721,0,HOLD
2025-07-15,ASII.JK,xgboost,0.43869,0,SELL
2025-07-16,ASII.JK,xgboost,0.47026,0,HOLD
2025-07-17,ASII.JK,xgboost,0.47432,0,HOLD
2025-07-18,ASII.JK,xgboost,0.47753,0,HOLD
2025-07-21,ASII.JK,xgboost,0.43682,0,SELL
2025-07-22,ASII.JK,xgboost,0.50279,1,HOLD
2025-07-23,ASII.JK,xgboost,0.4217,0,SELL
2025-07-24,ASII.JK,xgboost,0.3669,0,SELL
2025-07-25,ASII.JK,xgboost,0.52222,1,HOLD
2025-07-28,ASII.JK,xgboost,0.43428,0,SELL
2025-07-29,ASII.JK,xgboost,0.43682,0,SELL
2025-07-30,ASII.JK,xgboost,0.46133,0,HOLD
2025-07-31,ASII.JK,xgboost,0.49805,0,HOLD
2025-08-01,ASII.JK,xgboost,0.50279,1,HOLD
2025-08-04,ASII.JK,xgboost,0.41884,0,SELL
2025-08-05,ASII.JK,xgboost,0.42811,0,SELL
2025-08-06,ASII.JK,xgboost,0.53116,1,HOLD
2025-08-07,ASII.JK,xgboost,0.43682,0,SELL
2025-08-08,ASII.JK,xgboost,0.46133,0,HOLD
2025-08-11,ASII.JK,xgboost,0.54511,1,HOLD
2025-08-12,ASII.JK,xgboost,0.40159,0,SELL
2025-08-13,ASII.JK,xgboost,0.49371,0,HOLD
2025-08-14,ASII.JK,xgboost,0.43869,0,SELL
2025-08-15,ASII.JK,xgboost,0.50279,1,HOLD
2025-08-19,ASII.JK,xgboost,0.34302,0,SELL
2025-08-20,ASII.JK,xgboost,0.3903,0,SELL
2025-08-21,ASII.JK,xgboost,0.41206,0,SELL
2025-08-22,ASII.JK,xgboost,0.41366,0,SELL
2025-08-25,ASII.JK,xgboost,0.40729,0,SELL
2025-08-26,ASII.JK,xgboost,0.49652,0,HOLD
2025-08-27,ASII.JK,xgboost,0.49616,0,HOLD
2025-08-28,ASII.JK,xgboost,0.28949,0,SELL
2025-08-29,ASII.JK,xgboost,0.46959,0,HOLD
2025-09-01,ASII.JK,xgboost,0.47463,0,HOLD
2025-09-02,ASII.JK,xgboost,0.35304,0,SELL
2025-09-03,ASII.JK,xgboost,0.43869,0,SELL
2025-09-04,ASII.JK,xgboost,0.4217,0,SELL
2025-09-08,ASII.JK,xgboost,0.49127,0,HOLD
2025-09-09,ASII.JK,xgboost,0.28062,0,SELL
2025-09-10,ASII.JK,xgboost,0.4125,0,SELL
2025-09-11,ASII.JK,xgboost,0.3643,0,SELL
2025-09-12,ASII.JK,xgboost,0.36586,0,SELL
2025-09-15,ASII.JK,xgboost,0.36778,0,SELL
2025-09-16,ASII.JK,xgboost,0.30135,0,SELL
2025-09-17,ASII.JK,xgboost,0.36301,0,SELL
2025-09-18,ASII.JK,xgboost,0.43999,0,SELL
2025-09-19,ASII.JK,xgboost,0.39738,0,SELL
2025-09-22,ASII.JK,xgboost,0.38735,0,SELL
2025-09-23,ASII.JK,xgboost,0.36586,0,SELL
2025-09-24,ASII.JK,xgboost,0.41793,0,SELL
2025-09-25,ASII.JK,xgboost,0.45952,0,HOLD
2025-09-26,ASII.JK,xgboost,0.43869,0,SELL
2025-09-29,ASII.JK,xgboost,0.42844,0,SELL
2025-09-30,ASII.JK,xgboost,0.44667,0,SELL
2025-10-01,ASII.JK,xgboost,0.52773,1,HOLD
2025-10-02,ASII.JK,xgboost,0.46602,0,HOLD
2025-10-03,ASII.JK,xgboost,0.33665,0,SELL
2025-10-06,ASII.JK,xgboost,0.31143,0,SELL
2025-10-07,ASII.JK,xgboost,0.48394,0,HOLD
2025-10-08,ASII.JK,xgboost,0.51591,1,HOLD
2025-10-09,ASII.JK,xgboost,0.36301,0,SELL
2025-10-10,ASII.JK,xgboost,0.43682,0,SELL
2025-10-13,ASII.JK,xgboost,0.49501,0,HOLD
2025-10-14,ASII.JK,xgboost,0.44942,0,SELL
2025-10-15,ASII.JK,xgboost,0.48057,0,HOLD
2025-10-16,ASII.JK,xgboost,0.44572,0,SELL
2025-10-17,ASII.JK,xgboost,0.54626,1,HOLD
2025-10-20,ASII.JK,xgboost,0.38779,0,SELL
2025-10-21,ASII.JK,xgboost,0.37496,0,SELL
2025-10-22,ASII.JK,xgboost,0.48523,0,HOLD
2025-10-23,ASII.JK,xgboost,0.34166,0,SELL
2025-10-24,ASII.JK,xgboost,0.27473,0,SELL
2025-10-27,ASII.JK,xgboost,0.37869,0,SELL
2025-10-28,ASII.JK,xgboost,0.51685,1,HOLD
2025-10-29,ASII.JK,xgboost,0.27415,0,SELL
2025-10-30,ASII.JK,xgboost,0.41972,0,SELL
2025-10-31,ASII.JK,xgboost,0.50284,1,HOLD
2025-11-03,ASII.JK,xgboost,0.29469,0,SELL
2025-11-04,ASII.JK,xgboost,0.49353,0,HOLD
2025-11-05,ASII.JK,xgboost,0.47882,0,HOLD
2025-11-06,ASII.JK,xgboost,0.42625,0,SELL
2025-11-07,ASII.JK,xgboost,0.34832,0,SELL
2025-11-10,ASII.JK,xgboost,0.34847,0,SELL
2025-11-11,ASII.JK,xgboost,0.34439,0,SELL
2025-11-12,ASII.JK,xgboost,0.4125,0,SELL
2025-11-13,ASII.JK,xgboost,0.45809,0,HOLD
2025-11-14,ASII.JK,xgboost,0.4125,0,SELL
2025-11-17,ASII.JK,xgboost,0.37809,0,SELL
2025-11-18,ASII.JK,xgboost,0.41546,0,SELL
2025-11-19,ASII.JK,xgboost,0.4435,0,SELL
2025-11-20,ASII.JK,xgboost,0.3903,0,SELL
2025-11-21,ASII.JK,xgboost,0.39095,0,SELL
2025-11-24,ASII.JK,xgboost,0.41152,0,SELL
2025-11-25,ASII.JK,xgboost,0.41984,0,SELL
2025-11-26,ASII.JK,xgboost,0.31451,0,SELL
2025-11-27,ASII.JK,xgboost,0.37113,0,SELL
2025-11-28,ASII.JK,xgboost,0.43682,0,SELL
2025-12-01,ASII.JK,xgboost,0.55051,1,BUY
2025-12-02,ASII.JK,xgboost,0.381,0,SELL
2025-12-03,ASII.JK,xgboost,0.37809,0,SELL
2025-12-04,ASII.JK,xgboost,0.40035,0,SELL
2025-12-05,ASII.JK,xgboost,0.46976,0,HOLD
2025-12-08,ASII.JK,xgboost,0.41018,0,SELL
2025-12-09,ASII.JK,xgboost,0.46133,0,HOLD
2025-12-10,ASII.JK,xgboost,0.43682,0,SELL
2025-12-11,ASII.JK,xgboost,0.53256,1,HOLD
2025-12-12,ASII.JK,xgboost,0.46569,0,HOLD
2025-12-15,ASII.JK,xgboost,0.40095,0,SELL
2025-12-16,ASII.JK,xgboost,0.49486,0,HOLD
2025-12-17,ASII.JK,xgboost,0.47525,0,HOLD
2025-12-18,ASII.JK,xgboost,0.47432,0,HOLD
2025-12-19,ASII.JK,xgboost,0.42597,0,SELL
2025-12-22,ASII.JK,xgboost,0.46439,0,HOLD
2025-12-23,ASII.JK,xgboost,0.49811,0,HOLD
2025-12-24,ASII.JK,xgboost,0.40788,0,SELL
2025-12-29,ASII.JK,xgboost,0.37456,0,SELL
2025-12-30,ASII.JK,xgboost,0.44026,0,SELL
2026-01-02,ASII.JK,xgboost,0.37522,0,SELL
2026-01-05,ASII.JK,xgboost,0.40095,0,SELL
2026-01-06,ASII.JK,xgboost,0.46893,0,HOLD
2026-01-07,ASII.JK,xgboost,0.40095,0,SELL
2026-01-08,ASII.JK,xgboost,0.49759,0,HOLD
2026-01-09,ASII.JK,xgboost,0.47664,0,HOLD
2026-01-12,ASII.JK,xgboost,0.48153,0,HOLD
2026-01-13,ASII.JK,xgboost,0.41366,0,SELL
2026-01-14,ASII.JK,xgboost,0.45179,0,HOLD
2026-01-15,ASII.JK,xgboost,0.53166,1,HOLD
2026-01-19,ASII.JK,xgboost,0.37774,0,SELL
2026-01-20,ASII.JK,xgboost,0.41793,0,SELL
2026-01-21,ASII.JK,xgboost,0.49489,0,HOLD
2026-01-22,ASII.JK,xgboost,0.51599,1,HOLD
2026-01-23,ASII.JK,xgboost,0.41884,0,SELL
2026-01-26,ASII.JK,xgboost,0.49867,0,HOLD
2026-01-27,ASII.JK,xgboost,0.49398,0,HOLD
2026-01-28,ASII.JK,xgboost,0.47046,0,HOLD
2026-01-29,ASII.JK,xgboost,0.20729,0,SELL
2026-01-30,ASII.JK,xgboost,0.20729,0,SELL
2026-02-02,ASII.JK,xgboost,0.36655,0,SELL
2026-02-03,ASII.JK,xgboost,0.34329,0,SELL
2026-02-04,ASII.JK,xgboost,0.12381,0,SELL
2026-02-05,ASII.JK,xgboost,0.48145,0,HOLD
2026-02-06,ASII.JK,xgboost,0.43847,0,SELL
2026-02-09,ASII.JK,xgboost,0.43075,0,SELL
2026-02-10,ASII.JK,xgboost,0.40372,0,SELL
2026-02-11,ASII.JK,xgboost,0.39738,0,SELL
2026-02-12,ASII.JK,xgboost,0.3954,0,SELL
2026-02-13,ASII.JK,xgboost,0.4285,0,SELL
2026-02-18,ASII.JK,xgboost,0.39353,0,SELL
2026-02-19,ASII.JK,xgboost,0.43869,0,SELL
2026-02-20,ASII.JK,xgboost,0.44843,0,SELL
2026-02-23,ASII.JK,xgboost,0.43999,0,SELL
2026-02-24,ASII.JK,xgboost,0.44843,0,SELL
2026-02-25,ASII.JK,xgboost,0.43869,0,SELL
2026-02-26,ASII.JK,xgboost,0.34847,0,SELL
2026-02-27,ASII.JK,xgboost,0.43682,0,SELL
2026-03-02,ASII.JK,xgboost,0.47001,0,HOLD
2026-03-03,ASII.JK,xgboost,0.47882,0,HOLD
2026-03-04,ASII.JK,xgboost,0.39611,0,SELL
2026-03-05,ASII.JK,xgboost,0.46783,0,HOLD
2026-03-06,ASII.JK,xgboost,0.41984,0,SELL
2026-03-09,ASII.JK,xgboost,0.70306,1,BUY
2026-03-10,ASII.JK,xgboost,0.43682,0,SELL
2026-03-11,ASII.JK,xgboost,0.35583,0,SELL
2026-03-12,ASII.JK,xgboost,0.50284,1,HOLD
2026-03-13,ASII.JK,xgboost,0.51867,1,HOLD
2026-03-16,ASII.JK,xgboost,0.54394,1,HOLD
2026-03-17,ASII.JK,xgboost,0.48379,0,HOLD
2026-03-25,ASII.JK,xgboost,0.43385,0,SELL
2026-03-26,ASII.JK,xgboost,0.38069,0,SELL
2026-03-27,ASII.JK,xgboost,0.38126,0,SELL
2026-03-30,ASII.JK,xgboost,0.37037,0,SELL
2026-03-31,ASII.JK,xgboost,0.40185,0,SELL
2026-04-01,ASII.JK,xgboost,0.51767,1,HOLD
2026-04-02,ASII.JK,xgboost,0.41695,0,SELL
2026-04-06,ASII.JK,xgboost,0.38275,0,SELL
2026-04-07,ASII.JK,xgboost,0.32601,0,SELL
2026-04-08,ASII.JK,xgboost,0.36778,0,SELL
2026-04-09,ASII.JK,xgboost,0.33249,0,SELL
2026-04-10,ASII.JK,xgboost,0.47542,0,HOLD
2026-04-13,ASII.JK,xgboost,0.46252,0,HOLD
2026-04-14,ASII.JK,xgboost,0.43869,0,SELL
2026-04-15,ASII.JK,xgboost,0.46439,0,HOLD
2026-04-16,ASII.JK,xgboost,0.41152,0,SELL
2026-04-17,ASII.JK,xgboost,0.45437,0,HOLD
2026-04-20,ASII.JK,xgboost,0.40714,0,SELL
2026-04-21,ASII.JK,xgboost,0.46959,0,HOLD
2026-04-22,ASII.JK,xgboost,0.50284,1,HOLD
2026-04-23,ASII.JK,xgboost,0.46079,0,HOLD
2026-04-24,ASII.JK,xgboost,0.50949,1,HOLD
2026-04-27,ASII.JK,xgboost,0.46569,0,HOLD
2026-04-28,ASII.JK,xgboost,0.50627,1,HOLD
2026-04-29,ASII.JK,xgboost,0.45586,0,HOLD
2026-04-30,ASII.JK,xgboost,0.60796,1,BUY
2026-05-04,ASII.JK,xgboost,0.47413,0,HOLD
2026-05-05,ASII.JK,xgboost,0.40788,0,SELL
2026-05-06,ASII.JK,xgboost,0.43461,0,SELL
2026-05-07,ASII.JK,xgboost,0.43682,0,SELL
2026-05-08,ASII.JK,xgboost,0.43999,0,SELL
2026-05-11,ASII.JK,xgboost,0.42597,0,SELL
2026-05-12,ASII.JK,xgboost,0.43871,0,SELL
2026-05-13,ASII.JK,xgboost,0.54017,1,HOLD
2026-05-18,ASII.JK,xgboost,0.48753,0,HOLD
2026-05-19,ASII.JK,xgboost,0.45942,0,HOLD
2026-05-20,ASII.JK,xgboost,0.46912,0,HOLD
2026-05-21,ASII.JK,xgboost,0.6604,1,BUY
2026-05-22,ASII.JK,xgboost,0.50279,1,HOLD
2026-05-25,ASII.JK,xgboost,0.34847,0,SELL
2026-05-26,ASII.JK,xgboost,0.36596,0,SELL
2026-05-29,ASII.JK,xgboost,0.39639,0,SELL
2026-06-02,ASII.JK,xgboost,0.33665,0,SELL
2026-06-03,ASII.JK,xgboost,0.4125,0,SELL
2026-06-04,ASII.JK,xgboost,0.4285,0,SELL
2026-06-05,ASII.JK,xgboost,0.58882,1,BUY
2026-06-08,ASII.JK,xgboost,0.41884,0,SELL
2026-06-09,ASII.JK,xgboost,0.50325,1,HOLD
2026-06-10,ASII.JK,xgboost,0.40632,0,SELL
2026-06-11,ASII.JK,xgboost,0.59784,1,BUY
2026-06-12,ASII.JK,xgboost,0.45478,0,HOLD
2026-06-15,ASII.JK,xgboost,0.47512,0,HOLD
2026-06-17,ASII.JK,xgboost,0.47432,0,HOLD
2026-06-18,ASII.JK,xgboost,0.47837,0,HOLD
2026-06-19,ASII.JK,xgboost,0.50699,1,HOLD
2026-06-22,ASII.JK,xgboost,0.47413,0,HOLD
2026-06-23,ASII.JK,xgboost,0.49811,0,HOLD
2026-06-24,ASII.JK,xgboost,0.47413,0,HOLD
2026-06-25,ASII.JK,xgboost,0.49546,0,HOLD
2026-06-26,ASII.JK,xgboost,0.33665,0,SELL
2026-06-29,ASII.JK,xgboost,0.55967,1,BUY
2026-06-30,ASII.JK,xgboost,0.5118,1,HOLD
2026-07-01,ASII.JK,xgboost,0.561,1,BUY
2026-07-02,ASII.JK,xgboost,0.48839,0,HOLD
2026-07-03,ASII.JK,xgboost,0.47088,0,HOLD
2026-07-06,ASII.JK,xgboost,0.40794,0,SELL
2026-07-07,ASII.JK,xgboost,0.51496,1,HOLD
2026-07-08,ASII.JK,xgboost,0.51453,1,HOLD
2026-07-09,ASII.JK,xgboost,0.51907,1,HOLD
2026-07-10,ASII.JK,xgboost,0.55084,1,BUY
2026-07-13,ASII.JK,xgboost,0.50882,1,HOLD
2026-07-14,ASII.JK,xgboost,0.52232,1,HOLD
2026-07-15,ASII.JK,xgboost,0.47867,0,HOLD
2026-07-16,ASII.JK,xgboost,0.46577,0,HOLD
2026-07-17,ASII.JK,xgboost,0.47001,0,HOLD
2026-07-20,ASII.JK,xgboost,0.43682,0,SELL
2026-07-21,ASII.JK,xgboost,0.49715,0,HOLD
2026-07-22,ASII.JK,xgboost,0.50325,1,HOLD
2026-07-23,ASII.JK,xgboost,0.45159,0,HOLD
2026-07-24,ASII.JK,xgboost,0.50185,1,HOLD
2026-07-27,ASII.JK,xgboost,0.42592,0,SELL
2026-07-28,ASII.JK,xgboost,0.50748,1,HOLD
2026-07-29,ASII.JK,xgboost,0.39281,0,SELL
2026-07-30,ASII.JK,xgboost,0.46572,0,HOLD
2026-07-31,ASII.JK,xgboost,0.43682,0,SELL
2026-08-03,ASII.JK,xgboost,0.39441,0,SELL
2026-08-04,ASII.JK,xgboost,0.44667,0,SELL
2026-08-05,ASII.JK,xgboost,0.4724,0,HOLD
2026-08-06,ASII.JK,xgboost,0.43682,0,SELL
2026-08-07,ASII.JK,xgboost,0.42948,0,SELL
2026-08-10,ASII.JK,xgboost,0.47882,0,HOLD
2026-08-11,ASII.JK,xgboost,0.4737,0,HOLD
2026-08-12,ASII.JK,xgboost,0.45809,0,HOLD
2026-08-13,ASII.JK,xgboost,0.53116,1,HOLD
2026-08-14,ASII.JK,xgboost,0.52192,1,HOLD
2026-08-18,ASII.JK,xgboost,0.48131,0,HOLD
2026-08-19,ASII.JK,xgboost,0.54017,1,HOLD
2026-08-20,ASII.JK,xgboost,0.48379,0,HOLD
2026-08-21,ASII.JK,xgboost,0.47757,0,HOLD
2026-08-24,ASII.JK,xgboost,0.44862,0,SELL
2026-08-26,ASII.JK,xgboost,0.44843,0,SELL
2026-08-27,ASII.JK,xgboost,0.44007,0,SELL
2026-08-28,ASII.JK,xgboost,0.44007,0,SELL
2026-08-31,ASII.JK,xgboost,0.44972,0,SELL
2025-01-02,BBCA.JK,xgboost,0.4217,0,SELL
2025-01-03,BBCA.JK,xgboost,0.41884,0,SELL
2025-01-06,BBCA.JK,xgboost,0.47757,0,HOLD
2025-01-07,BBCA.JK,xgboost,0.48211,0,HOLD
2025-01-08,BBCA.JK,xgboost,0.4228,0,SELL
2025-01-09,BBCA.JK,xgboost,0.43869,0,SELL
2025-01-10,BBCA.JK,xgboost,0.43682,0,SELL
2025-01-13,BBCA.JK,xgboost,0.53166,1,HOLD
2025-01-14,BBCA.JK,xgboost,0.47413,0,HOLD
2025-01-15,BBCA.JK,xgboost,0.42592,0,SELL
2025-01-16,BBCA.JK,xgboost,0.43682,0,SELL
2025-01-17,BBCA.JK,xgboost,0.39985,0,SELL
2025-01-20,BBCA.JK,xgboost,0.50949,1,HOLD
2025-01-21,BBCA.JK,xgboost,0.51115,1,HOLD
2025-01-22,BBCA.JK,xgboost,0.4285,0,SELL
2025-01-23,BBCA.JK,xgboost,0.49161,0,HOLD
2025-01-24,BBCA.JK,xgboost,0.46079,0,HOLD
2025-01-30,BBCA.JK,xgboost,0.56294,1,BUY
2025-01-31,BBCA.JK,xgboost,0.43682,0,SELL
2025-02-03,BBCA.JK,xgboost,0.43869,0,SELL
2025-02-04,BBCA.JK,xgboost,0.48306,0,HOLD
2025-02-05,BBCA.JK,xgboost,0.55555,1,BUY
2025-02-06,BBCA.JK,xgboost,0.46916,0,HOLD
2025-02-07,BBCA.JK,xgboost,0.4217,0,SELL
2025-02-10,BBCA.JK,xgboost,0.40961,0,SELL
2025-02-11,BBCA.JK,xgboost,0.5354,1,HOLD
2025-02-12,BBCA.JK,xgboost,0.43682,0,SELL
2025-02-13,BBCA.JK,xgboost,0.45312,0,HOLD
2025-02-14,BBCA.JK,xgboost,0.45217,0,HOLD
2025-02-17,BBCA.JK,xgboost,0.40372,0,SELL
2025-02-18,BBCA.JK,xgboost,0.43869,0,SELL
2025-02-19,BBCA.JK,xgboost,0.46104,0,HOLD
2025-02-20,BBCA.JK,xgboost,0.47656,0,HOLD
2025-02-21,BBCA.JK,xgboost,0.44007,0,SELL
2025-02-24,BBCA.JK,xgboost,0.54137,1,HOLD
2025-02-25,BBCA.JK,xgboost,0.43869,0,SELL
2025-02-26,BBCA.JK,xgboost,0.52801,1,HOLD
2025-02-27,BBCA.JK,xgboost,0.45809,0,HOLD
2025-02-28,BBCA.JK,xgboost,0.49077,0,HOLD
2025-03-03,BBCA.JK,xgboost,0.40558,0,SELL
2025-03-04,BBCA.JK,xgboost,0.44106,0,SELL
2025-03-05,BBCA.JK,xgboost,0.49596,0,HOLD
2025-03-06,BBCA.JK,xgboost,0.43999,0,SELL
2025-03-07,BBCA.JK,xgboost,0.42592,0,SELL
2025-03-10,BBCA.JK,xgboost,0.45736,0,HOLD
2025-03-11,BBCA.JK,xgboost,0.44194,0,SELL
2025-03-12,BBCA.JK,xgboost,0.44476,0,SELL
2025-03-13,BBCA.JK,xgboost,0.42948,0,SELL
2025-03-14,BBCA.JK,xgboost,0.46133,0,HOLD
2025-03-17,BBCA.JK,xgboost,0.51493,1,HOLD
2025-03-18,BBCA.JK,xgboost,0.54092,1,HOLD
2025-03-19,BBCA.JK,xgboost,0.4669,0,HOLD
2025-03-20,BBCA.JK,xgboost,0.40275,0,SELL
2025-03-21,BBCA.JK,xgboost,0.5351,1,HOLD
2025-03-24,BBCA.JK,xgboost,0.47046,0,HOLD
2025-03-25,BBCA.JK,xgboost,0.35746,0,SELL
2025-03-26,BBCA.JK,xgboost,0.64216,1,BUY
2025-03-27,BBCA.JK,xgboost,0.36301,0,SELL
2025-04-08,BBCA.JK,xgboost,0.464,0,HOLD
2025-04-09,BBCA.JK,xgboost,0.30114,0,SELL
2025-04-10,BBCA.JK,xgboost,0.40794,0,SELL
2025-04-11,BBCA.JK,xgboost,0.45159,0,HOLD
2025-04-14,BBCA.JK,xgboost,0.42116,0,SELL
2025-04-15,BBCA.JK,xgboost,0.21645,0,SELL
2025-04-16,BBCA.JK,xgboost,0.39353,0,SELL
2025-04-17,BBCA.JK,xgboost,0.42988,0,SELL
2025-04-21,BBCA.JK,xgboost,0.45745,0,HOLD
2025-04-22,BBCA.JK,xgboost,0.40159,0,SELL
2025-04-23,BBCA.JK,xgboost,0.41801,0,SELL
2025-04-24,BBCA.JK,xgboost,0.40054,0,SELL
2025-04-25,BBCA.JK,xgboost,0.40372,0,SELL
2025-04-28,BBCA.JK,xgboost,0.40893,0,SELL
2025-04-29,BBCA.JK,xgboost,0.43869,0,SELL
2025-04-30,BBCA.JK,xgboost,0.46569,0,HOLD
2025-05-02,BBCA.JK,xgboost,0.43037,0,SELL
2025-05-05,BBCA.JK,xgboost,0.42948,0,SELL
2025-05-06,BBCA.JK,xgboost,0.46916,0,HOLD
2025-05-07,BBCA.JK,xgboost,0.50793,1,HOLD
2025-05-08,BBCA.JK,xgboost,0.43869,0,SELL
2025-05-09,BBCA.JK,xgboost,0.41793,0,SELL
2025-05-14,BBCA.JK,xgboost,0.44518,0,SELL
2025-05-15,BBCA.JK,xgboost,0.49172,0,HOLD
2025-05-16,BBCA.JK,xgboost,0.45089,0,HOLD
2025-05-19,BBCA.JK,xgboost,0.39768,0,SELL
2025-05-20,BBCA.JK,xgboost,0.48359,0,HOLD
2025-05-21,BBCA.JK,xgboost,0.43682,0,SELL
2025-05-22,BBCA.JK,xgboost,0.4782,0,HOLD
2025-05-23,BBCA.JK,xgboost,0.43682,0,SELL
2025-05-26,BBCA.JK,xgboost,0.49486,0,HOLD
2025-05-27,BBCA.JK,xgboost,0.51874,1,HOLD
2025-05-28,BBCA.JK,xgboost,0.50325,1,HOLD
2025-06-02,BBCA.JK,xgboost,0.54168,1,HOLD
2025-06-03,BBCA.JK,xgboost,0.53573,1,HOLD
2025-06-04,BBCA.JK,xgboost,0.44518,0,SELL
2025-06-05,BBCA.JK,xgboost,0.48256,0,HOLD
2025-06-10,BBCA.JK,xgboost,0.37074,0,SELL
2025-06-11,BBCA.JK,xgboost,0.3954,0,SELL
2025-06-12,BBCA.JK,xgboost,0.32293,0,SELL
2025-06-13,BBCA.JK,xgboost,0.46916,0,HOLD
2025-06-16,BBCA.JK,xgboost,0.55555,1,BUY
2025-06-17,BBCA.JK,xgboost,0.45597,0,HOLD
2025-06-18,BBCA.JK,xgboost,0.49811,0,HOLD
2025-06-19,BBCA.JK,xgboost,0.5354,1,HOLD
2025-06-20,BBCA.JK,xgboost,0.44518,0,SELL
2025-06-23,BBCA.JK,xgboost,0.48703,0,HOLD
2025-06-24,BBCA.JK,xgboost,0.41368,0,SELL
2025-06-25,BBCA.JK,xgboost,0.44518,0,SELL
2025-06-26,BBCA.JK,xgboost,0.43565,0,SELL
2025-06-30,BBCA.JK,xgboost,0.41984,0,SELL
2025-07-01,BBCA.JK,xgboost,0.40829,0,SELL
2025-07-02,BBCA.JK,xgboost,0.45159,0,HOLD
2025-07-03,BBCA.JK,xgboost,0.44662,0,SELL
2025-07-04,BBCA.JK,xgboost,0.41793,0,SELL
2025-07-07,BBCA.JK,xgboost,0.41858,0,SELL
2025-07-08,BBCA.JK,xgboost,0.49002,0,HOLD
2025-07-09,BBCA.JK,xgboost,0.52186,1,HOLD
2025-07-10,BBCA.JK,xgboost,0.43682,0,SELL
2025-07-11,BBCA.JK,xgboost,0.44007,0,SELL
2025-07-14,BBCA.JK,xgboost,0.44323,0,SELL
2025-07-15,BBCA.JK,xgboost,0.35207,0,SELL
2025-07-16,BBCA.JK,xgboost,0.46764,0,HOLD
2025-07-17,BBCA.JK,xgboost,0.47046,0,HOLD
2025-07-18,BBCA.JK,xgboost,0.46764,0,HOLD
2025-07-21,BBCA.JK,xgboost,0.46312,0,HOLD
2025-07-22,BBCA.JK,xgboost,0.47867,0,HOLD
2025-07-23,BBCA.JK,xgboost,0.46764,0,HOLD
2025-07-24,BBCA.JK,xgboost,0.4285,0,SELL
2025-07-25,BBCA.JK,xgboost,0.38022,0,SELL
2025-07-28,BBCA.JK,xgboost,0.37392,0,SELL
2025-07-29,BBCA.JK,xgboost,0.45162,0,HOLD
2025-07-30,BBCA.JK,xgboost,0.46252,0,HOLD
2025-07-31,BBCA.JK,xgboost,0.49486,0,HOLD
2025-08-01,BBCA.JK,xgboost,0.50279,1,HOLD
2025-08-04,BBCA.JK,xgboost,0.48652,0,HOLD
2025-08-05,BBCA.JK,xgboost,0.36459,0,SELL
2025-08-06,BBCA.JK,xgboost,0.46577,0,HOLD
2025-08-07,BBCA.JK,xgboost,0.44779,0,SELL
2025-08-08,BBCA.JK,xgboost,0.47232,0,HOLD
2025-08-11,BBCA.JK,xgboost,0.45862,0,HOLD
2025-08-12,BBCA.JK,xgboost,0.39353,0,SELL
2025-08-13,BBCA.JK,xgboost,0.36745,0,SELL
2025-08-14,BBCA.JK,xgboost,0.47007,0,HOLD
2025-08-15,BBCA.JK,xgboost,0.45766,0,HOLD
2025-08-19,BBCA.JK,xgboost,0.46577,0,HOLD
2025-08-20,BBCA.JK,xgboost,0.4523,0,HOLD
2025-08-21,BBCA.JK,xgboost,0.43682,0,SELL
2025-08-22,BBCA.JK,xgboost,0.45655,0,HOLD
2025-08-25,BBCA.JK,xgboost,0.44026,0,SELL
2025-08-26,BBCA.JK,xgboost,0.51167,1,HOLD
2025-08-27,BBCA.JK,xgboost,0.49486,0,HOLD
2025-08-28,BBCA.JK,xgboost,0.50279,1,HOLD
2025-08-29,BBCA.JK,xgboost,0.50611,1,HOLD
2025-09-01,BBCA.JK,xgboost,0.43871,0,SELL
2025-09-02,BBCA.JK,xgboost,0.43999,0,SELL
2025-09-03,BBCA.JK,xgboost,0.51405,1,HOLD
2025-09-04,BBCA.JK,xgboost,0.43869,0,SELL
2025-09-08,BBCA.JK,xgboost,0.49065,0,HOLD
2025-09-09,BBCA.JK,xgboost,0.47787,0,HOLD
2025-09-10,BBCA.JK,xgboost,0.40035,0,SELL
2025-09-11,BBCA.JK,xgboost,0.42714,0,SELL
2025-09-12,BBCA.JK,xgboost,0.39925,0,SELL
2025-09-15,BBCA.JK,xgboost,0.44843,0,SELL
2025-09-16,BBCA.JK,xgboost,0.39255,0,SELL
2025-09-17,BBCA.JK,xgboost,0.43999,0,SELL
2025-09-18,BBCA.JK,xgboost,0.43999,0,SELL
2025-09-19,BBCA.JK,xgboost,0.44518,0,SELL
2025-09-22,BBCA.JK,xgboost,0.44518,0,SELL
2025-09-23,BBCA.JK,xgboost,0.43682,0,SELL
2025-09-24,BBCA.JK,xgboost,0.43869,0,SELL
2025-09-25,BBCA.JK,xgboost,0.50345,1,HOLD
2025-09-26,BBCA.JK,xgboost,0.52742,1,HOLD
2025-09-29,BBCA.JK,xgboost,0.43175,0,SELL
2025-09-30,BBCA.JK,xgboost,0.45312,0,HOLD
2025-10-01,BBCA.JK,xgboost,0.50684,1,HOLD
2025-10-02,BBCA.JK,xgboost,0.44106,0,SELL
2025-10-03,BBCA.JK,xgboost,0.46256,0,HOLD
2025-10-06,BBCA.JK,xgboost,0.52578,1,HOLD
2025-10-07,BBCA.JK,xgboost,0.40159,0,SELL
2025-10-08,BBCA.JK,xgboost,0.44518,0,SELL
2025-10-09,BBCA.JK,xgboost,0.46133,0,HOLD
2025-10-10,BBCA.JK,xgboost,0.44518,0,SELL
2025-10-13,BBCA.JK,xgboost,0.57796,1,BUY
2025-10-14,BBCA.JK,xgboost,0.50798,1,HOLD
2025-10-15,BBCA.JK,xgboost,0.54676,1,HOLD
2025-10-16,BBCA.JK,xgboost,0.50185,1,HOLD
2025-10-17,BBCA.JK,xgboost,0.43039,0,SELL
2025-10-20,BBCA.JK,xgboost,0.4383,0,SELL
2025-10-21,BBCA.JK,xgboost,0.46079,0,HOLD
2025-10-22,BBCA.JK,xgboost,0.50325,1,HOLD
2025-10-23,BBCA.JK,xgboost,0.44518,0,SELL
2025-10-24,BBCA.JK,xgboost,0.50985,1,HOLD
2025-10-27,BBCA.JK,xgboost,0.5892,1,BUY
2025-10-28,BBCA.JK,xgboost,0.50054,1,HOLD
2025-10-29,BBCA.JK,xgboost,0.3514,0,SELL
2025-10-30,BBCA.JK,xgboost,0.40975,0,SELL
2025-10-31,BBCA.JK,xgboost,0.43682,0,SELL
2025-11-03,BBCA.JK,xgboost,0.42116,0,SELL
2025-11-04,BBCA.JK,xgboost,0.42116,0,SELL
2025-11-05,BBCA.JK,xgboost,0.50185,1,HOLD
2025-11-06,BBCA.JK,xgboost,0.49065,0,HOLD
2025-11-07,BBCA.JK,xgboost,0.41884,0,SELL
2025-11-10,BBCA.JK,xgboost,0.5582,1,BUY
2025-11-11,BBCA.JK,xgboost,0.51217,1,HOLD
2025-11-12,BBCA.JK,xgboost,0.41984,0,SELL
2025-11-13,BBCA.JK,xgboost,0.50703,1,HOLD
2025-11-14,BBCA.JK,xgboost,0.48054,0,HOLD
2025-11-17,BBCA.JK,xgboost,0.40185,0,SELL
2025-11-18,BBCA.JK,xgboost,0.53488,1,HOLD
2025-11-19,BBCA.JK,xgboost,0.47859,0,HOLD
2025-11-20,BBCA.JK,xgboost,0.50793,1,HOLD
2025-11-21,BBCA.JK,xgboost,0.50793,1,HOLD
2025-11-24,BBCA.JK,xgboost,0.41546,0,SELL
2025-11-25,BBCA.JK,xgboost,0.41546,0,SELL
2025-11-26,BBCA.JK,xgboost,0.48057,0,HOLD
2025-11-27,BBCA.JK,xgboost,0.5031,1,HOLD
2025-11-28,BBCA.JK,xgboost,0.55021,1,BUY
2025-12-01,BBCA.JK,xgboost,0.39255,0,SELL
2025-12-02,BBCA.JK,xgboost,0.49486,0,HOLD
2025-12-03,BBCA.JK,xgboost,0.44972,0,SELL
2025-12-04,BBCA.JK,xgboost,0.53738,1,HOLD
2025-12-05,BBCA.JK,xgboost,0.39997,0,SELL
2025-12-08,BBCA.JK,xgboost,0.41152,0,SELL
2025-12-09,BBCA.JK,xgboost,0.5118,1,HOLD
2025-12-10,BBCA.JK,xgboost,0.4991,0,HOLD
2025-12-11,BBCA.JK,xgboost,0.45809,0,HOLD
2025-12-12,BBCA.JK,xgboost,0.527,1,HOLD
2025-12-15,BBCA.JK,xgboost,0.4485,0,SELL
2025-12-16,BBCA.JK,xgboost,0.45159,0,HOLD
2025-12-17,BBCA.JK,xgboost,0.54254,1,HOLD
2025-12-18,BBCA.JK,xgboost,0.43037,0,SELL
2025-12-19,BBCA.JK,xgboost,0.44862,0,SELL
2025-12-22,BBCA.JK,xgboost,0.43999,0,SELL
2025-12-23,BBCA.JK,xgboost,0.43869,0,SELL
2025-12-24,BBCA.JK,xgboost,0.44007,0,SELL
2025-12-29,BBCA.JK,xgboost,0.45297,0,HOLD
2025-12-30,BBCA.JK,xgboost,0.42948,0,SELL
2026-01-02,BBCA.JK,xgboost,0.43682,0,SELL
2026-01-05,BBCA.JK,xgboost,0.42948,0,SELL
2026-01-06,BBCA.JK,xgboost,0.43682,0,SELL
2026-01-07,BBCA.JK,xgboost,0.43869,0,SELL
2026-01-08,BBCA.JK,xgboost,0.44537,0,SELL
2026-01-09,BBCA.JK,xgboost,0.41984,0,SELL
2026-01-12,BBCA.JK,xgboost,0.43871,0,SELL
2026-01-13,BBCA.JK,xgboost,0.43682,0,SELL
2026-01-14,BBCA.JK,xgboost,0.46439,0,HOLD
2026-01-15,BBCA.JK,xgboost,0.4228,0,SELL
2026-01-19,BBCA.JK,xgboost,0.46602,0,HOLD
2026-01-20,BBCA.JK,xgboost,0.47882,0,HOLD
2026-01-21,BBCA.JK,xgboost,0.51483,1,HOLD
2026-01-22,BBCA.JK,xgboost,0.49486,0,HOLD
2026-01-23,BBCA.JK,xgboost,0.44862,0,SELL
2026-01-26,BBCA.JK,xgboost,0.4678,0,HOLD
2026-01-27,BBCA.JK,xgboost,0.45686,0,HOLD
2026-01-28,BBCA.JK,xgboost,0.59046,1,BUY
2026-01-29,BBCA.JK,xgboost,0.43682,0,SELL
2026-01-30,BBCA.JK,xgboost,0.526,1,HOLD
2026-02-02,BBCA.JK,xgboost,0.46593,0,HOLD
2026-02-03,BBCA.JK,xgboost,0.36861,0,SELL
2026-02-04,BBCA.JK,xgboost,0.28471,0,SELL
2026-02-05,BBCA.JK,xgboost,0.4539,0,HOLD
2026-02-06,BBCA.JK,xgboost,0.44518,0,SELL
2026-02-09,BBCA.JK,xgboost,0.44518,0,SELL
2026-02-10,BBCA.JK,xgboost,0.43682,0,SELL
2026-02-11,BBCA.JK,xgboost,0.43999,0,SELL
2026-02-12,BBCA.JK,xgboost,0.41366,0,SELL
2026-02-13,BBCA.JK,xgboost,0.43688,0,SELL
2026-02-18,BBCA.JK,xgboost,0.41437,0,SELL
2026-02-19,BBCA.JK,xgboost,0.41125,0,SELL
2026-02-20,BBCA.JK,xgboost,0.44518,0,SELL
2026-02-23,BBCA.JK,xgboost,0.36914,0,SELL
2026-02-24,BBCA.JK,xgboost,0.44518,0,SELL
2026-02-25,BBCA.JK,xgboost,0.4217,0,SELL
2026-02-26,BBCA.JK,xgboost,0.40095,0,SELL
2026-02-27,BBCA.JK,xgboost,0.52433,1,HOLD
2026-03-02,BBCA.JK,xgboost,0.5,0,HOLD
2026-03-03,BBCA.JK,xgboost,0.43682,0,SELL
2026-03-04,BBCA.JK,xgboost,0.48379,0,HOLD
2026-03-05,BBCA.JK,xgboost,0.44518,0,SELL
2026-03-06,BBCA.JK,xgboost,0.41882,0,SELL
2026-03-09,BBCA.JK,xgboost,0.57596,1,BUY
2026-03-10,BBCA.JK,xgboost,0.52824,1,HOLD
2026-03-11,BBCA.JK,xgboost,0.49172,0,HOLD
2026-03-12,BBCA.JK,xgboost,0.48703,0,HOLD
2026-03-13,BBCA.JK,xgboost,0.44843,0,SELL
2026-03-16,BBCA.JK,xgboost,0.55537,1,BUY
2026-03-17,BBCA.JK,xgboost,0.51907,1,HOLD
2026-03-25,BBCA.JK,xgboost,0.40788,0,SELL
2026-03-26,BBCA.JK,xgboost,0.49757,0,HOLD
2026-03-27,BBCA.JK,xgboost,0.54208,1,HOLD
2026-03-30,BBCA.JK,xgboost,0.50279,1,HOLD
2026-03-31,BBCA.JK,xgboost,0.49273,0,HOLD
2026-04-01,BBCA.JK,xgboost,0.4947,0,HOLD
2026-04-02,BBCA.JK,xgboost,0.4285,0,SELL
2026-04-06,BBCA.JK,xgboost,0.43682,0,SELL
2026-04-07,BBCA.JK,xgboost,0.42518,0,SELL
2026-04-08,BBCA.JK,xgboost,0.50234,1,HOLD
2026-04-09,BBCA.JK,xgboost,0.48379,0,HOLD
2026-04-10,BBCA.JK,xgboost,0.51079,1,HOLD
2026-04-13,BBCA.JK,xgboost,0.38237,0,SELL
2026-04-14,BBCA.JK,xgboost,0.55621,1,BUY
2026-04-15,BBCA.JK,xgboost,0.4485,0,SELL
2026-04-16,BBCA.JK,xgboost,0.52706,1,HOLD
2026-04-17,BBCA.JK,xgboost,0.44862,0,SELL
2026-04-20,BBCA.JK,xgboost,0.50234,1,HOLD
2026-04-21,BBCA.JK,xgboost,0.49127,0,HOLD
2026-04-22,BBCA.JK,xgboost,0.48703,0,HOLD
2026-04-23,BBCA.JK,xgboost,0.49596,0,HOLD
2026-04-24,BBCA.JK,xgboost,0.58879,1,BUY
2026-04-27,BBCA.JK,xgboost,0.51167,1,HOLD
2026-04-28,BBCA.JK,xgboost,0.40893,0,SELL
2026-04-29,BBCA.JK,xgboost,0.5256,1,HOLD
2026-04-30,BBCA.JK,xgboost,0.48964,0,HOLD
2026-05-04,BBCA.JK,xgboost,0.59294,1,BUY
2026-05-05,BBCA.JK,xgboost,0.50279,1,HOLD
2026-05-06,BBCA.JK,xgboost,0.50279,1,HOLD
2026-05-07,BBCA.JK,xgboost,0.53018,1,HOLD
2026-05-08,BBCA.JK,xgboost,0.43039,0,SELL
2026-05-11,BBCA.JK,xgboost,0.49077,0,HOLD
2026-05-12,BBCA.JK,xgboost,0.49546,0,HOLD
2026-05-13,BBCA.JK,xgboost,0.46133,0,HOLD
2026-05-18,BBCA.JK,xgboost,0.45809,0,HOLD
2026-05-19,BBCA.JK,xgboost,0.44537,0,SELL
2026-05-20,BBCA.JK,xgboost,0.44194,0,SELL
2026-05-21,BBCA.JK,xgboost,0.43871,0,SELL
2026-05-22,BBCA.JK,xgboost,0.54649,1,HOLD
2026-05-25,BBCA.JK,xgboost,0.44007,0,SELL
2026-05-26,BBCA.JK,xgboost,0.43682,0,SELL
2026-05-29,BBCA.JK,xgboost,0.63163,1,BUY
2026-06-02,BBCA.JK,xgboost,0.45814,0,HOLD
2026-06-03,BBCA.JK,xgboost,0.54092,1,HOLD
2026-06-04,BBCA.JK,xgboost,0.63404,1,BUY
2026-06-05,BBCA.JK,xgboost,0.64315,1,BUY
2026-06-08,BBCA.JK,xgboost,0.57603,1,BUY
2026-06-09,BBCA.JK,xgboost,0.3899,0,SELL
2026-06-10,BBCA.JK,xgboost,0.50345,1,HOLD
2026-06-11,BBCA.JK,xgboost,0.59752,1,BUY
2026-06-12,BBCA.JK,xgboost,0.4724,0,HOLD
2026-06-15,BBCA.JK,xgboost,0.44972,0,SELL
2026-06-17,BBCA.JK,xgboost,0.43186,0,SELL
2026-06-18,BBCA.JK,xgboost,0.43871,0,SELL
2026-06-19,BBCA.JK,xgboost,0.40661,0,SELL
2026-06-22,BBCA.JK,xgboost,0.35304,0,SELL
2026-06-23,BBCA.JK,xgboost,0.50605,1,HOLD
2026-06-24,BBCA.JK,xgboost,0.3669,0,SELL
2026-06-25,BBCA.JK,xgboost,0.39698,0,SELL
2026-06-26,BBCA.JK,xgboost,0.38358,0,SELL
2026-06-29,BBCA.JK,xgboost,0.42016,0,SELL
2026-06-30,BBCA.JK,xgboost,0.51463,1,HOLD
2026-07-01,BBCA.JK,xgboost,0.40832,0,SELL
2026-07-02,BBCA.JK,xgboost,0.3965,0,SELL
2026-07-03,BBCA.JK,xgboost,0.41884,0,SELL
2026-07-06,BBCA.JK,xgboost,0.40794,0,SELL
2026-07-07,BBCA.JK,xgboost,0.35264,0,SELL
2026-07-08,BBCA.JK,xgboost,0.4125,0,SELL
2026-07-09,BBCA.JK,xgboost,0.4217,0,SELL
2026-07-10,BBCA.JK,xgboost,0.48839,0,HOLD
2026-07-13,BBCA.JK,xgboost,0.43871,0,SELL
2026-07-14,BBCA.JK,xgboost,0.46916,0,HOLD
2026-07-15,BBCA.JK,xgboost,0.43871,0,SELL
2026-07-16,BBCA.JK,xgboost,0.42592,0,SELL
2026-07-17,BBCA.JK,xgboost,0.4963,0,HOLD
2026-07-20,BBCA.JK,xgboost,0.423,0,SELL
2026-07-21,BBCA.JK,xgboost,0.43037,0,SELL
2026-07-22,BBCA.JK,xgboost,0.47757,0,HOLD
2026-07-23,BBCA.JK,xgboost,0.48703,0,HOLD
2026-07-24,BBCA.JK,xgboost,0.43682,0,SELL
2026-07-27,BBCA.JK,xgboost,0.43869,0,SELL
2026-07-28,BBCA.JK,xgboost,0.47882,0,HOLD
2026-07-29,BBCA.JK,xgboost,0.43682,0,SELL
2026-07-30,BBCA.JK,xgboost,0.42948,0,SELL
2026-07-31,BBCA.JK,xgboost,0.44007,0,SELL
2026-08-03,BBCA.JK,xgboost,0.47059,0,HOLD
2026-08-04,BBCA.JK,xgboost,0.43682,0,SELL
2026-08-05,BBCA.JK,xgboost,0.43682,0,SELL
2026-08-06,BBCA.JK,xgboost,0.50279,1,HOLD
2026-08-07,BBCA.JK,xgboost,0.46764,0,HOLD
2026-08-10,BBCA.JK,xgboost,0.4285,0,SELL
2026-08-11,BBCA.JK,xgboost,0.46454,0,HOLD
2026-08-12,BBCA.JK,xgboost,0.43682,0,SELL
2026-08-13,BBCA.JK,xgboost,0.46252,0,HOLD
2026-08-14,BBCA.JK,xgboost,0.46079,0,HOLD
2026-08-18,BBCA.JK,xgboost,0.47757,0,HOLD
2026-08-19,BBCA.JK,xgboost,0.42948,0,SELL
2026-08-20,BBCA.JK,xgboost,0.40418,0,SELL
2026-08-21,BBCA.JK,xgboost,0.44342,0,SELL
2026-08-24,BBCA.JK,xgboost,0.44843,0,SELL
2026-08-26,BBCA.JK,xgboost,0.49172,0,HOLD
2026-08-27,BBCA.JK,xgboost,0.43682,0,SELL
2026-08-28,BBCA.JK,xgboost,0.47413,0,HOLD
2026-08-31,BBCA.JK,xgboost,0.52059,1,HOLD
2025-01-02,BBRI.JK,xgboost,0.44212,0,SELL
2025-01-03,BBRI.JK,xgboost,0.42948,0,SELL
2025-01-06,BBRI.JK,xgboost,0.45396,0,HOLD
2025-01-07,BBRI.JK,xgboost,0.49127,0,HOLD
2025-01-08,BBRI.JK,xgboost,0.45952,0,HOLD
2025-01-09,BBRI.JK,xgboost,0.50191,1,HOLD
2025-01-10,BBRI.JK,xgboost,0.4543,0,HOLD
2025-01-13,BBRI.JK,xgboost,0.49632,0,HOLD
2025-01-14,BBRI.JK,xgboost,0.57644,1,BUY
2025-01-15,BBRI.JK,xgboost,0.5211,1,HOLD
2025-01-16,BBRI.JK,xgboost,0.52815,1,HOLD
2025-01-17,BBRI.JK,xgboost,0.44007,0,SELL
2025-01-20,BBRI.JK,xgboost,0.43682,0,SELL
2025-01-21,BBRI.JK,xgboost,0.4734,0,HOLD
2025-01-22,BBRI.JK,xgboost,0.46547,0,HOLD
2025-01-23,BBRI.JK,xgboost,0.52232,1,HOLD
2025-01-24,BBRI.JK,xgboost,0.43682,0,SELL
2025-01-30,BBRI.JK,xgboost,0.48703,0,HOLD
2025-01-31,BBRI.JK,xgboost,0.43682,0,SELL
2025-02-03,BBRI.JK,xgboost,0.51217,1,HOLD
2025-02-04,BBRI.JK,xgboost,0.46133,0,HOLD
2025-02-05,BBRI.JK,xgboost,0.49077,0,HOLD
2025-02-06,BBRI.JK,xgboost,0.55041,1,BUY
2025-02-07,BBRI.JK,xgboost,0.43682,0,SELL
2025-02-10,BBRI.JK,xgboost,0.40372,0,SELL
2025-02-11,BBRI.JK,xgboost,0.46252,0,HOLD
2025-02-12,BBRI.JK,xgboost,0.43682,0,SELL
2025-02-13,BBRI.JK,xgboost,0.50279,1,HOLD
2025-02-14,BBRI.JK,xgboost,0.49164,0,HOLD
2025-02-17,BBRI.JK,xgboost,0.40893,0,SELL
2025-02-18,BBRI.JK,xgboost,0.52635,1,HOLD
2025-02-19,BBRI.JK,xgboost,0.44972,0,SELL
2025-02-20,BBRI.JK,xgboost,0.51001,1,HOLD
2025-02-21,BBRI.JK,xgboost,0.4611,0,HOLD
2025-02-24,BBRI.JK,xgboost,0.48084,0,HOLD
2025-02-25,BBRI.JK,xgboost,0.48379,0,HOLD
2025-02-26,BBRI.JK,xgboost,0.42527,0,SELL
2025-02-27,BBRI.JK,xgboost,0.50279,1,HOLD
2025-02-28,BBRI.JK,xgboost,0.43742,0,SELL
2025-03-03,BBRI.JK,xgboost,0.32026,0,SELL
2025-03-04,BBRI.JK,xgboost,0.36906,0,SELL
2025-03-05,BBRI.JK,xgboost,0.50697,1,HOLD
2025-03-06,BBRI.JK,xgboost,0.41951,0,SELL
2025-03-07,BBRI.JK,xgboost,0.34328,0,SELL
2025-03-10,BBRI.JK,xgboost,0.51686,1,HOLD
2025-03-11,BBRI.JK,xgboost,0.39301,0,SELL
2025-03-12,BBRI.JK,xgboost,0.50234,1,HOLD
2025-03-13,BBRI.JK,xgboost,0.32947,0,SELL
2025-03-14,BBRI.JK,xgboost,0.43682,0,SELL
2025-03-17,BBRI.JK,xgboost,0.41884,0,SELL
2025-03-18,BBRI.JK,xgboost,0.42173,0,SELL
2025-03-19,BBRI.JK,xgboost,0.46581,0,HOLD
2025-03-20,BBRI.JK,xgboost,0.4282,0,SELL
2025-03-21,BBRI.JK,xgboost,0.46569,0,HOLD
2025-03-24,BBRI.JK,xgboost,0.38873,0,SELL
2025-03-25,BBRI.JK,xgboost,0.43104,0,SELL
2025-03-26,BBRI.JK,xgboost,0.42116,0,SELL
2025-03-27,BBRI.JK,xgboost,0.31478,0,SELL
2025-04-08,BBRI.JK,xgboost,0.33361,0,SELL
2025-04-09,BBRI.JK,xgboost,0.42779,0,SELL
2025-04-10,BBRI.JK,xgboost,0.37663,0,SELL
2025-04-11,BBRI.JK,xgboost,0.45611,0,HOLD
2025-04-14,BBRI.JK,xgboost,0.39327,0,SELL
2025-04-15,BBRI.JK,xgboost,0.3514,0,SELL
2025-04-16,BBRI.JK,xgboost,0.42527,0,SELL
2025-04-17,BBRI.JK,xgboost,0.42527,0,SELL
2025-04-21,BBRI.JK,xgboost,0.46252,0,HOLD
2025-04-22,BBRI.JK,xgboost,0.46252,0,HOLD
2025-04-23,BBRI.JK,xgboost,0.43869,0,SELL
2025-04-24,BBRI.JK,xgboost,0.41719,0,SELL
2025-04-25,BBRI.JK,xgboost,0.41984,0,SELL
2025-04-28,BBRI.JK,xgboost,0.43682,0,SELL
2025-04-29,BBRI.JK,xgboost,0.39611,0,SELL
2025-04-30,BBRI.JK,xgboost,0.49811,0,HOLD
2025-05-02,BBRI.JK,xgboost,0.43871,0,SELL
2025-05-05,BBRI.JK,xgboost,0.43682,0,SELL
2025-05-06,BBRI.JK,xgboost,0.41984,0,SELL
2025-05-07,BBRI.JK,xgboost,0.3954,0,SELL
2025-05-08,BBRI.JK,xgboost,0.48703,0,HOLD
2025-05-09,BBRI.JK,xgboost,0.45159,0,HOLD
2025-05-14,BBRI.JK,xgboost,0.45629,0,HOLD
2025-05-15,BBRI.JK,xgboost,0.38198,0,SELL
2025-05-16,BBRI.JK,xgboost,0.46404,0,HOLD
2025-05-19,BBRI.JK,xgboost,0.47413,0,HOLD
2025-05-20,BBRI.JK,xgboost,0.50711,1,HOLD
2025-05-21,BBRI.JK,xgboost,0.50185,1,HOLD
2025-05-22,BBRI.JK,xgboost,0.42674,0,SELL
2025-05-23,BBRI.JK,xgboost,0.39205,0,SELL
2025-05-26,BBRI.JK,xgboost,0.45159,0,HOLD
2025-05-27,BBRI.JK,xgboost,0.39956,0,SELL
2025-05-28,BBRI.JK,xgboost,0.3903,0,SELL
2025-06-02,BBRI.JK,xgboost,0.58253,1,BUY
2025-06-03,BBRI.JK,xgboost,0.48901,0,HOLD
2025-06-04,BBRI.JK,xgboost,0.48379,0,HOLD
2025-06-05,BBRI.JK,xgboost,0.51167,1,HOLD
2025-06-10,BBRI.JK,xgboost,0.42948,0,SELL
2025-06-11,BBRI.JK,xgboost,0.60796,1,BUY
2025-06-12,BBRI.JK,xgboost,0.49845,0,HOLD
2025-06-13,BBRI.JK,xgboost,0.52332,1,HOLD
2025-06-16,BBRI.JK,xgboost,0.51405,1,HOLD
2025-06-17,BBRI.JK,xgboost,0.45714,0,HOLD
2025-06-18,BBRI.JK,xgboost,0.49161,0,HOLD
2025-06-19,BBRI.JK,xgboost,0.46079,0,HOLD
2025-06-20,BBRI.JK,xgboost,0.50144,1,HOLD
2025-06-23,BBRI.JK,xgboost,0.4125,0,SELL
2025-06-24,BBRI.JK,xgboost,0.40185,0,SELL
2025-06-25,BBRI.JK,xgboost,0.39327,0,SELL
2025-06-26,BBRI.JK,xgboost,0.35166,0,SELL
2025-06-30,BBRI.JK,xgboost,0.41015,0,SELL
2025-07-01,BBRI.JK,xgboost,0.49172,0,HOLD
2025-07-02,BBRI.JK,xgboost,0.45809,0,HOLD
2025-07-03,BBRI.JK,xgboost,0.48753,0,HOLD
2025-07-04,BBRI.JK,xgboost,0.46719,0,HOLD
2025-07-07,BBRI.JK,xgboost,0.32347,0,SELL
2025-07-08,BBRI.JK,xgboost,0.47413,0,HOLD
2025-07-09,BBRI.JK,xgboost,0.43682,0,SELL
2025-07-10,BBRI.JK,xgboost,0.51718,1,HOLD
2025-07-11,BBRI.JK,xgboost,0.43682,0,SELL
2025-07-14,BBRI.JK,xgboost,0.45809,0,HOLD
2025-07-15,BBRI.JK,xgboost,0.49127,0,HOLD
2025-07-16,BBRI.JK,xgboost,0.46079,0,HOLD
2025-07-17,BBRI.JK,xgboost,0.50703,1,HOLD
2025-07-18,BBRI.JK,xgboost,0.44007,0,SELL
2025-07-21,BBRI.JK,xgboost,0.43682,0,SELL
2025-07-22,BBRI.JK,xgboost,0.43682,0,SELL
2025-07-23,BBRI.JK,xgboost,0.47088,0,HOLD
2025-07-24,BBRI.JK,xgboost,0.43682,0,SELL
2025-07-25,BBRI.JK,xgboost,0.40714,0,SELL
2025-07-28,BBRI.JK,xgboost,0.39639,0,SELL
2025-07-29,BBRI.JK,xgboost,0.47705,0,HOLD
2025-07-30,BBRI.JK,xgboost,0.50653,1,HOLD
2025-07-31,BBRI.JK,xgboost,0.46986,0,HOLD
2025-08-01,BBRI.JK,xgboost,0.43999,0,SELL
2025-08-04,BBRI.JK,xgboost,0.50279,1,HOLD
2025-08-05,BBRI.JK,xgboost,0.42852,0,SELL
2025-08-06,BBRI.JK,xgboost,0.50793,1,HOLD
2025-08-07,BBRI.JK,xgboost,0.48703,0,HOLD
2025-08-08,BBRI.JK,xgboost,0.50653,1,HOLD
2025-08-11,BBRI.JK,xgboost,0.44972,0,SELL
2025-08-12,BBRI.JK,xgboost,0.44665,0,SELL
2025-08-13,BBRI.JK,xgboost,0.43575,0,SELL
2025-08-14,BBRI.JK,xgboost,0.4454,0,SELL
2025-08-15,BBRI.JK,xgboost,0.49513,0,HOLD
2025-08-19,BBRI.JK,xgboost,0.46439,0,HOLD
2025-08-20,BBRI.JK,xgboost,0.47088,0,HOLD
2025-08-21,BBRI.JK,xgboost,0.43682,0,SELL
2025-08-22,BBRI.JK,xgboost,0.55678,1,BUY
2025-08-25,BBRI.JK,xgboost,0.45312,0,HOLD
2025-08-26,BBRI.JK,xgboost,0.46721,0,HOLD
2025-08-27,BBRI.JK,xgboost,0.55537,1,BUY
2025-08-28,BBRI.JK,xgboost,0.44972,0,SELL
2025-08-29,BBRI.JK,xgboost,0.49172,0,HOLD
2025-09-01,BBRI.JK,xgboost,0.49546,0,HOLD
2025-09-02,BBRI.JK,xgboost,0.4724,0,HOLD
2025-09-03,BBRI.JK,xgboost,0.47882,0,HOLD
2025-09-04,BBRI.JK,xgboost,0.46916,0,HOLD
2025-09-08,BBRI.JK,xgboost,0.5363,1,HOLD
2025-09-09,BBRI.JK,xgboost,0.50279,1,HOLD
2025-09-10,BBRI.JK,xgboost,0.44562,0,SELL
2025-09-11,BBRI.JK,xgboost,0.49961,0,HOLD
2025-09-12,BBRI.JK,xgboost,0.45955,0,HOLD
2025-09-15,BBRI.JK,xgboost,0.44194,0,SELL
2025-09-16,BBRI.JK,xgboost,0.44537,0,SELL
2025-09-17,BBRI.JK,xgboost,0.43869,0,SELL
2025-09-18,BBRI.JK,xgboost,0.51122,1,HOLD
2025-09-19,BBRI.JK,xgboost,0.53488,1,HOLD
2025-09-22,BBRI.JK,xgboost,0.44518,0,SELL
2025-09-23,BBRI.JK,xgboost,0.46916,0,HOLD
2025-09-24,BBRI.JK,xgboost,0.45809,0,HOLD
2025-09-25,BBRI.JK,xgboost,0.48223,0,HOLD
2025-09-26,BBRI.JK,xgboost,0.47775,0,HOLD
2025-09-29,BBRI.JK,xgboost,0.44518,0,SELL
2025-09-30,BBRI.JK,xgboost,0.50577,1,HOLD
2025-10-01,BBRI.JK,xgboost,0.48703,0,HOLD
2025-10-02,BBRI.JK,xgboost,0.57644,1,BUY
2025-10-03,BBRI.JK,xgboost,0.55264,1,BUY
2025-10-06,BBRI.JK,xgboost,0.56614,1,BUY
2025-10-07,BBRI.JK,xgboost,0.49161,0,HOLD
2025-10-08,BBRI.JK,xgboost,0.42948,0,SELL
2025-10-09,BBRI.JK,xgboost,0.3681,0,SELL
2025-10-10,BBRI.JK,xgboost,0.38215,0,SELL
2025-10-13,BBRI.JK,xgboost,0.49501,0,HOLD
2025-10-14,BBRI.JK,xgboost,0.46107,0,HOLD
2025-10-15,BBRI.JK,xgboost,0.51361,1,HOLD
2025-10-16,BBRI.JK,xgboost,0.47463,0,HOLD
2025-10-17,BBRI.JK,xgboost,0.56481,1,BUY
2025-10-20,BBRI.JK,xgboost,0.4228,0,SELL
2025-10-21,BBRI.JK,xgboost,0.42173,0,SELL
2025-10-22,BBRI.JK,xgboost,0.40183,0,SELL
2025-10-23,BBRI.JK,xgboost,0.45809,0,HOLD
2025-10-24,BBRI.JK,xgboost,0.49291,0,HOLD
2025-10-27,BBRI.JK,xgboost,0.46079,0,HOLD
2025-10-28,BBRI.JK,xgboost,0.47088,0,HOLD
2025-10-29,BBRI.JK,xgboost,0.40175,0,SELL
2025-10-30,BBRI.JK,xgboost,0.45289,0,HOLD
2025-10-31,BBRI.JK,xgboost,0.41884,0,SELL
2025-11-03,BBRI.JK,xgboost,0.34114,0,SELL
2025-11-04,BBRI.JK,xgboost,0.42948,0,SELL
2025-11-05,BBRI.JK,xgboost,0.4285,0,SELL
2025-11-06,BBRI.JK,xgboost,0.4119,0,SELL
2025-11-07,BBRI.JK,xgboost,0.44194,0,SELL
2025-11-10,BBRI.JK,xgboost,0.45312,0,HOLD
2025-11-11,BBRI.JK,xgboost,0.52742,1,HOLD
2025-11-12,BBRI.JK,xgboost,0.46893,0,HOLD
2025-11-13,BBRI.JK,xgboost,0.53116,1,HOLD
2025-11-14,BBRI.JK,xgboost,0.43682,0,SELL
2025-11-17,BBRI.JK,xgboost,0.40952,0,SELL
2025-11-18,BBRI.JK,xgboost,0.43682,0,SELL
2025-11-19,BBRI.JK,xgboost,0.40185,0,SELL
2025-11-20,BBRI.JK,xgboost,0.49486,0,HOLD
2025-11-21,BBRI.JK,xgboost,0.45297,0,HOLD
2025-11-24,BBRI.JK,xgboost,0.44972,0,SELL
2025-11-25,BBRI.JK,xgboost,0.49161,0,HOLD
2025-11-26,BBRI.JK,xgboost,0.5354,1,HOLD
2025-11-27,BBRI.JK,xgboost,0.40532,0,SELL
2025-11-28,BBRI.JK,xgboost,0.5,0,HOLD
2025-12-01,BBRI.JK,xgboost,0.45909,0,HOLD
2025-12-02,BBRI.JK,xgboost,0.54571,1,HOLD
2025-12-03,BBRI.JK,xgboost,0.48703,0,HOLD
2025-12-04,BBRI.JK,xgboost,0.49486,0,HOLD
2025-12-05,BBRI.JK,xgboost,0.50703,1,HOLD
2025-12-08,BBRI.JK,xgboost,0.46442,0,HOLD
2025-12-09,BBRI.JK,xgboost,0.47432,0,HOLD
2025-12-10,BBRI.JK,xgboost,0.49698,0,HOLD
2025-12-11,BBRI.JK,xgboost,0.4734,0,HOLD
2025-12-12,BBRI.JK,xgboost,0.47235,0,HOLD
2025-12-15,BBRI.JK,xgboost,0.46863,0,HOLD
2025-12-16,BBRI.JK,xgboost,0.43682,0,SELL
2025-12-17,BBRI.JK,xgboost,0.44537,0,SELL
2025-12-18,BBRI.JK,xgboost,0.48703,0,HOLD
2025-12-19,BBRI.JK,xgboost,0.50279,1,HOLD
2025-12-22,BBRI.JK,xgboost,0.49172,0,HOLD
2025-12-23,BBRI.JK,xgboost,0.46252,0,HOLD
2025-12-24,BBRI.JK,xgboost,0.46912,0,HOLD
2025-12-29,BBRI.JK,xgboost,0.49164,0,HOLD
2025-12-30,BBRI.JK,xgboost,0.43524,0,SELL
2026-01-02,BBRI.JK,xgboost,0.47413,0,HOLD
2026-01-05,BBRI.JK,xgboost,0.48225,0,HOLD
2026-01-06,BBRI.JK,xgboost,0.43682,0,SELL
2026-01-07,BBRI.JK,xgboost,0.43273,0,SELL
2026-01-08,BBRI.JK,xgboost,0.47413,0,HOLD
2026-01-09,BBRI.JK,xgboost,0.43869,0,SELL
2026-01-12,BBRI.JK,xgboost,0.4435,0,SELL
2026-01-13,BBRI.JK,xgboost,0.46252,0,HOLD
2026-01-14,BBRI.JK,xgboost,0.40714,0,SELL
2026-01-15,BBRI.JK,xgboost,0.46133,0,HOLD
2026-01-19,BBRI.JK,xgboost,0.46266,0,HOLD
2026-01-20,BBRI.JK,xgboost,0.48379,0,HOLD
2026-01-21,BBRI.JK,xgboost,0.49632,0,HOLD
2026-01-22,BBRI.JK,xgboost,0.46591,0,HOLD
2026-01-23,BBRI.JK,xgboost,0.44007,0,SELL
2026-01-26,BBRI.JK,xgboost,0.44518,0,SELL
2026-01-27,BBRI.JK,xgboost,0.49596,0,HOLD
2026-01-28,BBRI.JK,xgboost,0.52646,1,HOLD
2026-01-29,BBRI.JK,xgboost,0.47512,0,HOLD
2026-01-30,BBRI.JK,xgboost,0.44323,0,SELL
2026-02-02,BBRI.JK,xgboost,0.44007,0,SELL
2026-02-03,BBRI.JK,xgboost,0.48225,0,HOLD
2026-02-04,BBRI.JK,xgboost,0.37544,0,SELL
2026-02-05,BBRI.JK,xgboost,0.49486,0,HOLD
2026-02-06,BBRI.JK,xgboost,0.47088,0,HOLD
2026-02-09,BBRI.JK,xgboost,0.48379,0,HOLD
2026-02-10,BBRI.JK,xgboost,0.48184,0,HOLD
2026-02-11,BBRI.JK,xgboost,0.44518,0,SELL
2026-02-12,BBRI.JK,xgboost,0.43869,0,SELL
2026-02-13,BBRI.JK,xgboost,0.43682,0,SELL
2026-02-18,BBRI.JK,xgboost,0.41984,0,SELL
2026-02-19,BBRI.JK,xgboost,0.49172,0,HOLD
2026-02-20,BBRI.JK,xgboost,0.43682,0,SELL
2026-02-23,BBRI.JK,xgboost,0.41884,0,SELL
2026-02-24,BBRI.JK,xgboost,0.48054,0,HOLD
2026-02-25,BBRI.JK,xgboost,0.43682,0,SELL
2026-02-26,BBRI.JK,xgboost,0.44007,0,SELL
2026-02-27,BBRI.JK,xgboost,0.43682,0,SELL
2026-03-02,BBRI.JK,xgboost,0.55638,1,BUY
2026-03-03,BBRI.JK,xgboost,0.53164,1,HOLD
2026-03-04,BBRI.JK,xgboost,0.46133,0,HOLD
2026-03-05,BBRI.JK,xgboost,0.44323,0,SELL
2026-03-06,BBRI.JK,xgboost,0.46133,0,HOLD
2026-03-09,BBRI.JK,xgboost,0.64372,1,BUY
2026-03-10,BBRI.JK,xgboost,0.45809,0,HOLD
2026-03-11,BBRI.JK,xgboost,0.48379,0,HOLD
2026-03-12,BBRI.JK,xgboost,0.47463,0,HOLD
2026-03-13,BBRI.JK,xgboost,0.44862,0,SELL
2026-03-16,BBRI.JK,xgboost,0.44892,0,SELL
2026-03-17,BBRI.JK,xgboost,0.4282,0,SELL
2026-03-25,BBRI.JK,xgboost,0.3982,0,SELL
2026-03-26,BBRI.JK,xgboost,0.40026,0,SELL
2026-03-27,BBRI.JK,xgboost,0.47531,0,HOLD
2026-03-30,BBRI.JK,xgboost,0.51686,1,HOLD
2026-03-31,BBRI.JK,xgboost,0.54208,1,HOLD
2026-04-01,BBRI.JK,xgboost,0.57139,1,BUY
2026-04-02,BBRI.JK,xgboost,0.57975,1,BUY
2026-04-06,BBRI.JK,xgboost,0.57975,1,BUY
2026-04-07,BBRI.JK,xgboost,0.50798,1,HOLD
2026-04-08,BBRI.JK,xgboost,0.4724,0,HOLD
2026-04-09,BBRI.JK,xgboost,0.50185,1,HOLD
2026-04-10,BBRI.JK,xgboost,0.47432,0,HOLD
2026-04-13,BBRI.JK,xgboost,0.40534,0,SELL
2026-04-14,BBRI.JK,xgboost,0.46916,0,HOLD
2026-04-15,BBRI.JK,xgboost,0.45809,0,HOLD
2026-04-16,BBRI.JK,xgboost,0.51463,1,HOLD
2026-04-17,BBRI.JK,xgboost,0.527,1,HOLD
2026-04-20,BBRI.JK,xgboost,0.47297,0,HOLD
2026-04-21,BBRI.JK,xgboost,0.50279,1,HOLD
2026-04-22,BBRI.JK,xgboost,0.46079,0,HOLD
2026-04-23,BBRI.JK,xgboost,0.43871,0,SELL
2026-04-24,BBRI.JK,xgboost,0.44476,0,SELL
2026-04-27,BBRI.JK,xgboost,0.52794,1,HOLD
2026-04-28,BBRI.JK,xgboost,0.43999,0,SELL
2026-04-29,BBRI.JK,xgboost,0.45952,0,HOLD
2026-04-30,BBRI.JK,xgboost,0.44843,0,SELL
2026-05-04,BBRI.JK,xgboost,0.43871,0,SELL
2026-05-05,BBRI.JK,xgboost,0.45766,0,HOLD
2026-05-06,BBRI.JK,xgboost,0.4282,0,SELL
2026-05-07,BBRI.JK,xgboost,0.46873,0,HOLD
2026-05-08,BBRI.JK,xgboost,0.36061,0,SELL
2026-05-11,BBRI.JK,xgboost,0.48974,0,HOLD
2026-05-12,BBRI.JK,xgboost,0.47867,0,HOLD
2026-05-13,BBRI.JK,xgboost,0.46783,0,HOLD
2026-05-18,BBRI.JK,xgboost,0.43233,0,SELL
2026-05-19,BBRI.JK,xgboost,0.41793,0,SELL
2026-05-20,BBRI.JK,xgboost,0.46133,0,HOLD
2026-05-21,BBRI.JK,xgboost,0.43869,0,SELL
2026-05-22,BBRI.JK,xgboost,0.42948,0,SELL
2026-05-25,BBRI.JK,xgboost,0.44843,0,SELL
2026-05-26,BBRI.JK,xgboost,0.4217,0,SELL
2026-05-29,BBRI.JK,xgboost,0.67028,1,BUY
2026-06-02,BBRI.JK,xgboost,0.44194,0,SELL
2026-06-03,BBRI.JK,xgboost,0.44518,0,SELL
2026-06-04,BBRI.JK,xgboost,0.47886,0,HOLD
2026-06-05,BBRI.JK,xgboost,0.52578,1,HOLD
2026-06-08,BBRI.JK,xgboost,0.61692,1,BUY
2026-06-09,BBRI.JK,xgboost,0.41884,0,SELL
2026-06-10,BBRI.JK,xgboost,0.4542,0,HOLD
2026-06-11,BBRI.JK,xgboost,0.46204,0,HOLD
2026-06-12,BBRI.JK,xgboost,0.44824,0,SELL
2026-06-15,BBRI.JK,xgboost,0.51305,1,HOLD
2026-06-17,BBRI.JK,xgboost,0.50279,1,HOLD
2026-06-18,BBRI.JK,xgboost,0.46252,0,HOLD
2026-06-19,BBRI.JK,xgboost,0.4285,0,SELL
2026-06-22,BBRI.JK,xgboost,0.39114,0,SELL
2026-06-23,BBRI.JK,xgboost,0.50234,1,HOLD
2026-06-24,BBRI.JK,xgboost,0.42116,0,SELL
2026-06-25,BBRI.JK,xgboost,0.49517,0,HOLD
2026-06-26,BBRI.JK,xgboost,0.34439,0,SELL
2026-06-29,BBRI.JK,xgboost,0.46252,0,HOLD
2026-06-30,BBRI.JK,xgboost,0.43869,0,SELL
2026-07-01,BBRI.JK,xgboost,0.51143,1,HOLD
2026-07-02,BBRI.JK,xgboost,0.40159,0,SELL
2026-07-03,BBRI.JK,xgboost,0.45518,0,HOLD
2026-07-06,BBRI.JK,xgboost,0.37483,0,SELL
2026-07-07,BBRI.JK,xgboost,0.4542,0,HOLD
2026-07-08,BBRI.JK,xgboost,0.4228,0,SELL
2026-07-09,BBRI.JK,xgboost,0.5211,1,HOLD
2026-07-10,BBRI.JK,xgboost,0.45809,0,HOLD
2026-07-13,BBRI.JK,xgboost,0.49486,0,HOLD
2026-07-14,BBRI.JK,xgboost,0.41984,0,SELL
2026-07-15,BBRI.JK,xgboost,0.43682,0,SELL
2026-07-16,BBRI.JK,xgboost,0.47362,0,HOLD
2026-07-17,BBRI.JK,xgboost,0.46537,0,HOLD
2026-07-20,BBRI.JK,xgboost,0.44618,0,SELL
2026-07-21,BBRI.JK,xgboost,0.38237,0,SELL
2026-07-22,BBRI.JK,xgboost,0.46764,0,HOLD
2026-07-23,BBRI.JK,xgboost,0.43682,0,SELL
2026-07-24,BBRI.JK,xgboost,0.43682,0,SELL
2026-07-27,BBRI.JK,xgboost,0.50703,1,HOLD
2026-07-28,BBRI.JK,xgboost,0.526,1,HOLD
2026-07-29,BBRI.JK,xgboost,0.43999,0,SELL
2026-07-30,BBRI.JK,xgboost,0.40614,0,SELL
2026-07-31,BBRI.JK,xgboost,0.41984,0,SELL
2026-08-03,BBRI.JK,xgboost,0.44518,0,SELL
2026-08-04,BBRI.JK,xgboost,0.46764,0,HOLD
2026-08-05,BBRI.JK,xgboost,0.46602,0,HOLD
2026-08-06,BBRI.JK,xgboost,0.43682,0,SELL
2026-08-07,BBRI.JK,xgboost,0.43682,0,SELL
2026-08-10,BBRI.JK,xgboost,0.45187,0,HOLD
2026-08-11,BBRI.JK,xgboost,0.43871,0,SELL
2026-08-12,BBRI.JK,xgboost,0.43869,0,SELL
2026-08-13,BBRI.JK,xgboost,0.4724,0,HOLD
2026-08-14,BBRI.JK,xgboost,0.42527,0,SELL
2026-08-18,BBRI.JK,xgboost,0.44323,0,SELL
2026-08-19,BBRI.JK,xgboost,0.43682,0,SELL
2026-08-20,BBRI.JK,xgboost,0.41884,0,SELL
2026-08-21,BBRI.JK,xgboost,0.46082,0,HOLD
2026-08-24,BBRI.JK,xgboost,0.44518,0,SELL
2026-08-26,BBRI.JK,xgboost,0.53114,1,HOLD
2026-08-27,BBRI.JK,xgboost,0.43682,0,SELL
2026-08-28,BBRI.JK,xgboost,0.46252,0,HOLD
2026-08-31,BBRI.JK,xgboost,0.43175,0,SELL
2025-01-02,BMRI.JK,xgboost,0.4991,0,HOLD
2025-01-03,BMRI.JK,xgboost,0.47088,0,HOLD
2025-01-06,BMRI.JK,xgboost,0.47787,0,HOLD
2025-01-07,BMRI.JK,xgboost,0.53807,1,HOLD
2025-01-08,BMRI.JK,xgboost,0.43869,0,SELL
2025-01-09,BMRI.JK,xgboost,0.4539,0,HOLD
2025-01-10,BMRI.JK,xgboost,0.474,0,HOLD
2025-01-13,BMRI.JK,xgboost,0.56213,1,BUY
2025-01-14,BMRI.JK,xgboost,0.54717,1,HOLD
2025-01-15,BMRI.JK,xgboost,0.65205,1,BUY
2025-01-16,BMRI.JK,xgboost,0.47413,0,HOLD
2025-01-17,BMRI.JK,xgboost,0.57613,1,BUY
2025-01-20,BMRI.JK,xgboost,0.44007,0,SELL
2025-01-21,BMRI.JK,xgboost,0.47411,0,HOLD
2025-01-22,BMRI.JK,xgboost,0.42327,0,SELL
2025-01-23,BMRI.JK,xgboost,0.46577,0,HOLD
2025-01-24,BMRI.JK,xgboost,0.4125,0,SELL
2025-01-30,BMRI.JK,xgboost,0.44007,0,SELL
2025-01-31,BMRI.JK,xgboost,0.43999,0,SELL
2025-02-03,BMRI.JK,xgboost,0.44518,0,SELL
2025-02-04,BMRI.JK,xgboost,0.47413,0,HOLD
2025-02-05,BMRI.JK,xgboost,0.49127,0,HOLD
2025-02-06,BMRI.JK,xgboost,0.51169,1,HOLD
2025-02-07,BMRI.JK,xgboost,0.42948,0,SELL
2025-02-10,BMRI.JK,xgboost,0.53116,1,HOLD
2025-02-11,BMRI.JK,xgboost,0.51686,1,HOLD
2025-02-12,BMRI.JK,xgboost,0.52092,1,HOLD
2025-02-13,BMRI.JK,xgboost,0.52638,1,HOLD
2025-02-14,BMRI.JK,xgboost,0.44741,0,SELL
2025-02-17,BMRI.JK,xgboost,0.50279,1,HOLD
2025-02-18,BMRI.JK,xgboost,0.50279,1,HOLD
2025-02-19,BMRI.JK,xgboost,0.41984,0,SELL
2025-02-20,BMRI.JK,xgboost,0.47512,0,HOLD
2025-02-21,BMRI.JK,xgboost,0.47859,0,HOLD
2025-02-24,BMRI.JK,xgboost,0.58681,1,BUY
2025-02-25,BMRI.JK,xgboost,0.46439,0,HOLD
2025-02-26,BMRI.JK,xgboost,0.55565,1,BUY
2025-02-27,BMRI.JK,xgboost,0.46139,0,HOLD
2025-02-28,BMRI.JK,xgboost,0.52059,1,HOLD
2025-03-03,BMRI.JK,xgboost,0.46577,0,HOLD
2025-03-04,BMRI.JK,xgboost,0.36459,0,SELL
2025-03-05,BMRI.JK,xgboost,0.49501,0,HOLD
2025-03-06,BMRI.JK,xgboost,0.52287,1,HOLD
2025-03-07,BMRI.JK,xgboost,0.45351,0,HOLD
2025-03-10,BMRI.JK,xgboost,0.52742,1,HOLD
2025-03-11,BMRI.JK,xgboost,0.44476,0,SELL
2025-03-12,BMRI.JK,xgboost,0.4247,0,SELL
2025-03-13,BMRI.JK,xgboost,0.48703,0,HOLD
2025-03-14,BMRI.JK,xgboost,0.44562,0,SELL
2025-03-17,BMRI.JK,xgboost,0.53116,1,HOLD
2025-03-18,BMRI.JK,xgboost,0.51486,1,HOLD
2025-03-19,BMRI.JK,xgboost,0.48131,0,HOLD
2025-03-20,BMRI.JK,xgboost,0.43037,0,SELL
2025-03-21,BMRI.JK,xgboost,0.61278,1,BUY
2025-03-24,BMRI.JK,xgboost,0.45566,0,HOLD
2025-03-25,BMRI.JK,xgboost,0.52009,1,HOLD
2025-03-26,BMRI.JK,xgboost,0.53458,1,HOLD
2025-03-27,BMRI.JK,xgboost,0.50616,1,HOLD
2025-04-08,BMRI.JK,xgboost,0.46764,0,HOLD
2025-04-09,BMRI.JK,xgboost,0.37524,0,SELL
2025-04-10,BMRI.JK,xgboost,0.47046,0,HOLD
2025-04-11,BMRI.JK,xgboost,0.56378,1,BUY
2025-04-14,BMRI.JK,xgboost,0.38482,0,SELL
2025-04-15,BMRI.JK,xgboost,0.21739,0,SELL
2025-04-16,BMRI.JK,xgboost,0.36906,0,SELL
2025-04-17,BMRI.JK,xgboost,0.41984,0,SELL
2025-04-21,BMRI.JK,xgboost,0.40558,0,SELL
2025-04-22,BMRI.JK,xgboost,0.3473,0,SELL
2025-04-23,BMRI.JK,xgboost,0.35275,0,SELL
2025-04-24,BMRI.JK,xgboost,0.38547,0,SELL
2025-04-25,BMRI.JK,xgboost,0.44106,0,SELL
2025-04-28,BMRI.JK,xgboost,0.4125,0,SELL
2025-04-29,BMRI.JK,xgboost,0.41546,0,SELL
2025-04-30,BMRI.JK,xgboost,0.45289,0,HOLD
2025-05-02,BMRI.JK,xgboost,0.41546,0,SELL
2025-05-05,BMRI.JK,xgboost,0.39353,0,SELL
2025-05-06,BMRI.JK,xgboost,0.42948,0,SELL
2025-05-07,BMRI.JK,xgboost,0.44518,0,SELL
2025-05-08,BMRI.JK,xgboost,0.50793,1,HOLD
2025-05-09,BMRI.JK,xgboost,0.58153,1,BUY
2025-05-14,BMRI.JK,xgboost,0.47775,0,HOLD
2025-05-15,BMRI.JK,xgboost,0.44779,0,SELL
2025-05-16,BMRI.JK,xgboost,0.39221,0,SELL
2025-05-19,BMRI.JK,xgboost,0.37783,0,SELL
2025-05-20,BMRI.JK,xgboost,0.47757,0,HOLD
2025-05-21,BMRI.JK,xgboost,0.44862,0,SELL
2025-05-22,BMRI.JK,xgboost,0.46916,0,HOLD
2025-05-23,BMRI.JK,xgboost,0.52578,1,HOLD
2025-05-26,BMRI.JK,xgboost,0.37366,0,SELL
2025-05-27,BMRI.JK,xgboost,0.46232,0,HOLD
2025-05-28,BMRI.JK,xgboost,0.54982,1,HOLD
2025-06-02,BMRI.JK,xgboost,0.6604,1,BUY
2025-06-03,BMRI.JK,xgboost,0.50653,1,HOLD
2025-06-04,BMRI.JK,xgboost,0.4217,0,SELL
2025-06-05,BMRI.JK,xgboost,0.4228,0,SELL
2025-06-10,BMRI.JK,xgboost,0.43869,0,SELL
2025-06-11,BMRI.JK,xgboost,0.38456,0,SELL
2025-06-12,BMRI.JK,xgboost,0.49486,0,HOLD
2025-06-13,BMRI.JK,xgboost,0.50325,1,HOLD
2025-06-16,BMRI.JK,xgboost,0.43869,0,SELL
2025-06-17,BMRI.JK,xgboost,0.45187,0,HOLD
2025-06-18,BMRI.JK,xgboost,0.44518,0,SELL
2025-06-19,BMRI.JK,xgboost,0.45852,0,HOLD
2025-06-20,BMRI.JK,xgboost,0.48379,0,HOLD
2025-06-23,BMRI.JK,xgboost,0.43869,0,SELL
2025-06-24,BMRI.JK,xgboost,0.40703,0,SELL
2025-06-25,BMRI.JK,xgboost,0.45809,0,HOLD
2025-06-26,BMRI.JK,xgboost,0.43682,0,SELL
2025-06-30,BMRI.JK,xgboost,0.46916,0,HOLD
2025-07-01,BMRI.JK,xgboost,0.50608,1,HOLD
2025-07-02,BMRI.JK,xgboost,0.43682,0,SELL
2025-07-03,BMRI.JK,xgboost,0.51077,1,HOLD
2025-07-04,BMRI.JK,xgboost,0.47413,0,HOLD
2025-07-07,BMRI.JK,xgboost,0.50577,1,HOLD
2025-07-08,BMRI.JK,xgboost,0.46082,0,HOLD
2025-07-09,BMRI.JK,xgboost,0.44518,0,SELL
2025-07-10,BMRI.JK,xgboost,0.40961,0,SELL
2025-07-11,BMRI.JK,xgboost,0.46602,0,HOLD
2025-07-14,BMRI.JK,xgboost,0.60796,1,BUY
2025-07-15,BMRI.JK,xgboost,0.48997,0,HOLD
2025-07-16,BMRI.JK,xgboost,0.4633,0,HOLD
2025-07-17,BMRI.JK,xgboost,0.526,1,HOLD
2025-07-18,BMRI.JK,xgboost,0.45312,0,HOLD
2025-07-21,BMRI.JK,xgboost,0.45776,0,HOLD
2025-07-22,BMRI.JK,xgboost,0.52981,1,HOLD
2025-07-23,BMRI.JK,xgboost,0.46921,0,HOLD
2025-07-24,BMRI.JK,xgboost,0.43682,0,SELL
2025-07-25,BMRI.JK,xgboost,0.4217,0,SELL
2025-07-28,BMRI.JK,xgboost,0.41884,0,SELL
2025-07-29,BMRI.JK,xgboost,0.42948,0,SELL
2025-07-30,BMRI.JK,xgboost,0.5159,1,HOLD
2025-07-31,BMRI.JK,xgboost,0.47754,0,HOLD
2025-08-01,BMRI.JK,xgboost,0.39327,0,SELL
2025-08-04,BMRI.JK,xgboost,0.40829,0,SELL
2025-08-05,BMRI.JK,xgboost,0.41884,0,SELL
2025-08-06,BMRI.JK,xgboost,0.37075,0,SELL
2025-08-07,BMRI.JK,xgboost,0.43682,0,SELL
2025-08-08,BMRI.JK,xgboost,0.42948,0,SELL
2025-08-11,BMRI.JK,xgboost,0.46439,0,HOLD
2025-08-12,BMRI.JK,xgboost,0.4865,0,HOLD
2025-08-13,BMRI.JK,xgboost,0.41858,0,SELL
2025-08-14,BMRI.JK,xgboost,0.46916,0,HOLD
2025-08-15,BMRI.JK,xgboost,0.43682,0,SELL
2025-08-19,BMRI.JK,xgboost,0.49164,0,HOLD
2025-08-20,BMRI.JK,xgboost,0.45159,0,HOLD
2025-08-21,BMRI.JK,xgboost,0.45159,0,HOLD
2025-08-22,BMRI.JK,xgboost,0.42527,0,SELL
2025-08-25,BMRI.JK,xgboost,0.47882,0,HOLD
2025-08-26,BMRI.JK,xgboost,0.5003,1,HOLD
2025-08-27,BMRI.JK,xgboost,0.50279,1,HOLD
2025-08-28,BMRI.JK,xgboost,0.49172,0,HOLD
2025-08-29,BMRI.JK,xgboost,0.47976,0,HOLD
2025-09-01,BMRI.JK,xgboost,0.50279,1,HOLD
2025-09-02,BMRI.JK,xgboost,0.48703,0,HOLD
2025-09-03,BMRI.JK,xgboost,0.4282,0,SELL
2025-09-04,BMRI.JK,xgboost,0.40345,0,SELL
2025-09-08,BMRI.JK,xgboost,0.44862,0,SELL
2025-09-09,BMRI.JK,xgboost,0.72069,1,BUY
2025-09-10,BMRI.JK,xgboost,0.40632,0,SELL
2025-09-11,BMRI.JK,xgboost,0.44972,0,SELL
2025-09-12,BMRI.JK,xgboost,0.40345,0,SELL
2025-09-15,BMRI.JK,xgboost,0.45486,0,HOLD
2025-09-16,BMRI.JK,xgboost,0.39004,0,SELL
2025-09-17,BMRI.JK,xgboost,0.43871,0,SELL
2025-09-18,BMRI.JK,xgboost,0.43869,0,SELL
2025-09-19,BMRI.JK,xgboost,0.44518,0,SELL
2025-09-22,BMRI.JK,xgboost,0.43682,0,SELL
2025-09-23,BMRI.JK,xgboost,0.38923,0,SELL
2025-09-24,BMRI.JK,xgboost,0.44792,0,SELL
2025-09-25,BMRI.JK,xgboost,0.46764,0,HOLD
2025-09-26,BMRI.JK,xgboost,0.37254,0,SELL
2025-09-29,BMRI.JK,xgboost,0.49367,0,HOLD
2025-09-30,BMRI.JK,xgboost,0.41052,0,SELL
2025-10-01,BMRI.JK,xgboost,0.4719,0,HOLD
2025-10-02,BMRI.JK,xgboost,0.43682,0,SELL
2025-10-03,BMRI.JK,xgboost,0.53958,1,HOLD
2025-10-06,BMRI.JK,xgboost,0.44942,0,SELL
2025-10-07,BMRI.JK,xgboost,0.50091,1,HOLD
2025-10-08,BMRI.JK,xgboost,0.5475,1,HOLD
2025-10-09,BMRI.JK,xgboost,0.46252,0,HOLD
2025-10-10,BMRI.JK,xgboost,0.43999,0,SELL
2025-10-13,BMRI.JK,xgboost,0.50769,1,HOLD
2025-10-14,BMRI.JK,xgboost,0.43117,0,SELL
2025-10-15,BMRI.JK,xgboost,0.4986,0,HOLD
2025-10-16,BMRI.JK,xgboost,0.45809,0,HOLD
2025-10-17,BMRI.JK,xgboost,0.53488,1,HOLD
2025-10-20,BMRI.JK,xgboost,0.48306,0,HOLD
2025-10-21,BMRI.JK,xgboost,0.45312,0,HOLD
2025-10-22,BMRI.JK,xgboost,0.47389,0,HOLD
2025-10-23,BMRI.JK,xgboost,0.44212,0,SELL
2025-10-24,BMRI.JK,xgboost,0.50299,1,HOLD
2025-10-27,BMRI.JK,xgboost,0.4228,0,SELL
2025-10-28,BMRI.JK,xgboost,0.4758,0,HOLD
2025-10-29,BMRI.JK,xgboost,0.41984,0,SELL
2025-10-30,BMRI.JK,xgboost,0.44972,0,SELL
2025-10-31,BMRI.JK,xgboost,0.35912,0,SELL
2025-11-03,BMRI.JK,xgboost,0.45745,0,HOLD
2025-11-04,BMRI.JK,xgboost,0.49172,0,HOLD
2025-11-05,BMRI.JK,xgboost,0.49172,0,HOLD
2025-11-06,BMRI.JK,xgboost,0.44007,0,SELL
2025-11-07,BMRI.JK,xgboost,0.40273,0,SELL
2025-11-10,BMRI.JK,xgboost,0.45762,0,HOLD
2025-11-11,BMRI.JK,xgboost,0.45203,0,HOLD
2025-11-12,BMRI.JK,xgboost,0.43999,0,SELL
2025-11-13,BMRI.JK,xgboost,0.48225,0,HOLD
2025-11-14,BMRI.JK,xgboost,0.43682,0,SELL
2025-11-17,BMRI.JK,xgboost,0.43682,0,SELL
2025-11-18,BMRI.JK,xgboost,0.50653,1,HOLD
2025-11-19,BMRI.JK,xgboost,0.4228,0,SELL
2025-11-20,BMRI.JK,xgboost,0.45484,0,HOLD
2025-11-21,BMRI.JK,xgboost,0.51951,1,HOLD
2025-11-24,BMRI.JK,xgboost,0.36301,0,SELL
2025-11-25,BMRI.JK,xgboost,0.45486,0,HOLD
2025-11-26,BMRI.JK,xgboost,0.47786,0,HOLD
2025-11-27,BMRI.JK,xgboost,0.50234,1,HOLD
2025-11-28,BMRI.JK,xgboost,0.54768,1,HOLD
2025-12-01,BMRI.JK,xgboost,0.41984,0,SELL
2025-12-02,BMRI.JK,xgboost,0.526,1,HOLD
2025-12-03,BMRI.JK,xgboost,0.46442,0,HOLD
2025-12-04,BMRI.JK,xgboost,0.37456,0,SELL
2025-12-05,BMRI.JK,xgboost,0.4228,0,SELL
2025-12-08,BMRI.JK,xgboost,0.40054,0,SELL
2025-12-09,BMRI.JK,xgboost,0.45162,0,HOLD
2025-12-10,BMRI.JK,xgboost,0.4125,0,SELL
2025-12-11,BMRI.JK,xgboost,0.43682,0,SELL
2025-12-12,BMRI.JK,xgboost,0.51167,1,HOLD
2025-12-15,BMRI.JK,xgboost,0.39611,0,SELL
2025-12-16,BMRI.JK,xgboost,0.38198,0,SELL
2025-12-17,BMRI.JK,xgboost,0.44936,0,SELL
2025-12-18,BMRI.JK,xgboost,0.43682,0,SELL
2025-12-19,BMRI.JK,xgboost,0.42331,0,SELL
2025-12-22,BMRI.JK,xgboost,0.44518,0,SELL
2025-12-23,BMRI.JK,xgboost,0.45809,0,HOLD
2025-12-24,BMRI.JK,xgboost,0.44972,0,SELL
2025-12-29,BMRI.JK,xgboost,0.43871,0,SELL
2025-12-30,BMRI.JK,xgboost,0.45162,0,HOLD
2026-01-02,BMRI.JK,xgboost,0.43682,0,SELL
2026-01-05,BMRI.JK,xgboost,0.43869,0,SELL
2026-01-06,BMRI.JK,xgboost,0.56474,1,BUY
2026-01-07,BMRI.JK,xgboost,0.5554,1,BUY
2026-01-08,BMRI.JK,xgboost,0.53875,1,HOLD
2026-01-09,BMRI.JK,xgboost,0.54982,1,HOLD
2026-01-12,BMRI.JK,xgboost,0.56128,1,BUY
2026-01-13,BMRI.JK,xgboost,0.41984,0,SELL
2026-01-14,BMRI.JK,xgboost,0.38835,0,SELL
2026-01-15,BMRI.JK,xgboost,0.3899,0,SELL
2026-01-19,BMRI.JK,xgboost,0.43682,0,SELL
2026-01-20,BMRI.JK,xgboost,0.44862,0,SELL
2026-01-21,BMRI.JK,xgboost,0.48974,0,HOLD
2026-01-22,BMRI.JK,xgboost,0.43869,0,SELL
2026-01-23,BMRI.JK,xgboost,0.43869,0,SELL
2026-01-26,BMRI.JK,xgboost,0.51079,1,HOLD
2026-01-27,BMRI.JK,xgboost,0.4711,0,HOLD
2026-01-28,BMRI.JK,xgboost,0.60555,1,BUY
2026-01-29,BMRI.JK,xgboost,0.51635,1,HOLD
2026-01-30,BMRI.JK,xgboost,0.47232,0,HOLD
2026-02-02,BMRI.JK,xgboost,0.36328,0,SELL
2026-02-03,BMRI.JK,xgboost,0.43682,0,SELL
2026-02-04,BMRI.JK,xgboost,0.43686,0,SELL
2026-02-05,BMRI.JK,xgboost,0.34329,0,SELL
2026-02-06,BMRI.JK,xgboost,0.45312,0,HOLD
2026-02-09,BMRI.JK,xgboost,0.48379,0,HOLD
2026-02-10,BMRI.JK,xgboost,0.43871,0,SELL
2026-02-11,BMRI.JK,xgboost,0.45159,0,HOLD
2026-02-12,BMRI.JK,xgboost,0.47614,0,HOLD
2026-02-13,BMRI.JK,xgboost,0.49811,0,HOLD
2026-02-18,BMRI.JK,xgboost,0.40952,0,SELL
2026-02-19,BMRI.JK,xgboost,0.43682,0,SELL
2026-02-20,BMRI.JK,xgboost,0.41152,0,SELL
2026-02-23,BMRI.JK,xgboost,0.4285,0,SELL
2026-02-24,BMRI.JK,xgboost,0.47345,0,HOLD
2026-02-25,BMRI.JK,xgboost,0.49811,0,HOLD
2026-02-26,BMRI.JK,xgboost,0.45518,0,HOLD
2026-02-27,BMRI.JK,xgboost,0.49382,0,HOLD
2026-03-02,BMRI.JK,xgboost,0.53114,1,HOLD
2026-03-03,BMRI.JK,xgboost,0.47413,0,HOLD
2026-03-04,BMRI.JK,xgboost,0.45162,0,HOLD
2026-03-05,BMRI.JK,xgboost,0.49805,0,HOLD
2026-03-06,BMRI.JK,xgboost,0.4202,0,SELL
2026-03-09,BMRI.JK,xgboost,0.68199,1,BUY
2026-03-10,BMRI.JK,xgboost,0.47088,0,HOLD
2026-03-11,BMRI.JK,xgboost,0.40345,0,SELL
2026-03-12,BMRI.JK,xgboost,0.44407,0,SELL
2026-03-13,BMRI.JK,xgboost,0.44862,0,SELL
2026-03-16,BMRI.JK,xgboost,0.53116,1,HOLD
2026-03-17,BMRI.JK,xgboost,0.45297,0,HOLD
2026-03-25,BMRI.JK,xgboost,0.48523,0,HOLD
2026-03-26,BMRI.JK,xgboost,0.36204,0,SELL
2026-03-27,BMRI.JK,xgboost,0.50345,1,HOLD
2026-03-30,BMRI.JK,xgboost,0.47232,0,HOLD
2026-03-31,BMRI.JK,xgboost,0.47088,0,HOLD
2026-04-01,BMRI.JK,xgboost,0.44007,0,SELL
2026-04-02,BMRI.JK,xgboost,0.45312,0,HOLD
2026-04-06,BMRI.JK,xgboost,0.49172,0,HOLD
2026-04-07,BMRI.JK,xgboost,0.44862,0,SELL
2026-04-08,BMRI.JK,xgboost,0.42779,0,SELL
2026-04-09,BMRI.JK,xgboost,0.41015,0,SELL
2026-04-10,BMRI.JK,xgboost,0.44196,0,SELL
2026-04-13,BMRI.JK,xgboost,0.44518,0,SELL
2026-04-14,BMRI.JK,xgboost,0.45484,0,HOLD
2026-04-15,BMRI.JK,xgboost,0.47088,0,HOLD
2026-04-16,BMRI.JK,xgboost,0.43682,0,SELL
2026-04-17,BMRI.JK,xgboost,0.48306,0,HOLD
2026-04-20,BMRI.JK,xgboost,0.43175,0,SELL
2026-04-21,BMRI.JK,xgboost,0.43871,0,SELL
2026-04-22,BMRI.JK,xgboost,0.43682,0,SELL
2026-04-23,BMRI.JK,xgboost,0.44972,0,SELL
2026-04-24,BMRI.JK,xgboost,0.49811,0,HOLD
2026-04-27,BMRI.JK,xgboost,0.4202,0,SELL
2026-04-28,BMRI.JK,xgboost,0.40829,0,SELL
2026-04-29,BMRI.JK,xgboost,0.40829,0,SELL
2026-04-30,BMRI.JK,xgboost,0.44662,0,SELL
2026-05-04,BMRI.JK,xgboost,0.44518,0,SELL
2026-05-05,BMRI.JK,xgboost,0.42714,0,SELL
2026-05-06,BMRI.JK,xgboost,0.44662,0,SELL
2026-05-07,BMRI.JK,xgboost,0.4734,0,HOLD
2026-05-08,BMRI.JK,xgboost,0.48131,0,HOLD
2026-05-11,BMRI.JK,xgboost,0.49172,0,HOLD
2026-05-12,BMRI.JK,xgboost,0.49127,0,HOLD
2026-05-13,BMRI.JK,xgboost,0.45297,0,HOLD
2026-05-18,BMRI.JK,xgboost,0.43999,0,SELL
2026-05-19,BMRI.JK,xgboost,0.44518,0,SELL
2026-05-20,BMRI.JK,xgboost,0.41546,0,SELL
2026-05-21,BMRI.JK,xgboost,0.41152,0,SELL
2026-05-22,BMRI.JK,xgboost,0.45187,0,HOLD
2026-05-25,BMRI.JK,xgboost,0.46252,0,HOLD
2026-05-26,BMRI.JK,xgboost,0.45809,0,HOLD
2026-05-29,BMRI.JK,xgboost,0.53997,1,HOLD
2026-06-02,BMRI.JK,xgboost,0.4285,0,SELL
2026-06-03,BMRI.JK,xgboost,0.44518,0,SELL
2026-06-04,BMRI.JK,xgboost,0.47413,0,HOLD
2026-06-05,BMRI.JK,xgboost,0.54062,1,HOLD
2026-06-08,BMRI.JK,xgboost,0.53934,1,HOLD
2026-06-09,BMRI.JK,xgboost,0.43643,0,SELL
2026-06-10,BMRI.JK,xgboost,0.39897,0,SELL
2026-06-11,BMRI.JK,xgboost,0.41054,0,SELL
2026-06-12,BMRI.JK,xgboost,0.35249,0,SELL
2026-06-15,BMRI.JK,xgboost,0.39253,0,SELL
2026-06-17,BMRI.JK,xgboost,0.4254,0,SELL
2026-06-18,BMRI.JK,xgboost,0.53278,1,HOLD
2026-06-19,BMRI.JK,xgboost,0.40794,0,SELL
2026-06-22,BMRI.JK,xgboost,0.43643,0,SELL
2026-06-23,BMRI.JK,xgboost,0.37294,0,SELL
2026-06-24,BMRI.JK,xgboost,0.46252,0,HOLD
2026-06-25,BMRI.JK,xgboost,0.43869,0,SELL
2026-06-26,BMRI.JK,xgboost,0.44518,0,SELL
2026-06-29,BMRI.JK,xgboost,0.43385,0,SELL
2026-06-30,BMRI.JK,xgboost,0.49546,0,HOLD
2026-07-01,BMRI.JK,xgboost,0.56988,1,BUY
2026-07-02,BMRI.JK,xgboost,0.38257,0,SELL
2026-07-03,BMRI.JK,xgboost,0.21645,0,SELL
2026-07-06,BMRI.JK,xgboost,0.35275,0,SELL
2026-07-07,BMRI.JK,xgboost,0.47088,0,HOLD
2026-07-08,BMRI.JK,xgboost,0.47413,0,HOLD
2026-07-09,BMRI.JK,xgboost,0.43682,0,SELL
2026-07-10,BMRI.JK,xgboost,0.4125,0,SELL
2026-07-13,BMRI.JK,xgboost,0.44972,0,SELL
2026-07-14,BMRI.JK,xgboost,0.41984,0,SELL
2026-07-15,BMRI.JK,xgboost,0.43682,0,SELL
2026-07-16,BMRI.JK,xgboost,0.44518,0,SELL
2026-07-17,BMRI.JK,xgboost,0.46404,0,HOLD
2026-07-20,BMRI.JK,xgboost,0.46439,0,HOLD
2026-07-21,BMRI.JK,xgboost,0.46796,0,HOLD
2026-07-22,BMRI.JK,xgboost,0.53166,1,HOLD
2026-07-23,BMRI.JK,xgboost,0.46133,0,HOLD
2026-07-24,BMRI.JK,xgboost,0.47882,0,HOLD
2026-07-27,BMRI.JK,xgboost,0.49825,0,HOLD
2026-07-28,BMRI.JK,xgboost,0.41984,0,SELL
2026-07-29,BMRI.JK,xgboost,0.47882,0,HOLD
2026-07-30,BMRI.JK,xgboost,0.41028,0,SELL
2026-07-31,BMRI.JK,xgboost,0.35275,0,SELL
2026-08-03,BMRI.JK,xgboost,0.40788,0,SELL
2026-08-04,BMRI.JK,xgboost,0.44518,0,SELL
2026-08-05,BMRI.JK,xgboost,0.46912,0,HOLD
2026-08-06,BMRI.JK,xgboost,0.47336,0,HOLD
2026-08-07,BMRI.JK,xgboost,0.42779,0,SELL
2026-08-10,BMRI.JK,xgboost,0.45187,0,HOLD
2026-08-11,BMRI.JK,xgboost,0.46133,0,HOLD
2026-08-12,BMRI.JK,xgboost,0.43682,0,SELL
2026-08-13,BMRI.JK,xgboost,0.44518,0,SELL
2026-08-14,BMRI.JK,xgboost,0.41984,0,SELL
2026-08-18,BMRI.JK,xgboost,0.43682,0,SELL
2026-08-19,BMRI.JK,xgboost,0.42948,0,SELL
2026-08-20,BMRI.JK,xgboost,0.40185,0,SELL
2026-08-21,BMRI.JK,xgboost,0.46439,0,HOLD
2026-08-24,BMRI.JK,xgboost,0.47729,0,HOLD
2026-08-26,BMRI.JK,xgboost,0.43682,0,SELL
2026-08-27,BMRI.JK,xgboost,0.4285,0,SELL
2026-08-28,BMRI.JK,xgboost,0.44215,0,SELL
2026-08-31,BMRI.JK,xgboost,0.45655,0,HOLD
2025-01-02,TLKM.JK,xgboost,0.40961,0,SELL
2025-01-03,TLKM.JK,xgboost,0.41984,0,SELL
2025-01-06,TLKM.JK,xgboost,0.43999,0,SELL
2025-01-07,TLKM.JK,xgboost,0.46863,0,HOLD
2025-01-08,TLKM.JK,xgboost,0.42116,0,SELL
2025-01-09,TLKM.JK,xgboost,0.40829,0,SELL
2025-01-10,TLKM.JK,xgboost,0.49842,0,HOLD
2025-01-13,TLKM.JK,xgboost,0.44342,0,SELL
2025-01-14,TLKM.JK,xgboost,0.49486,0,HOLD
2025-01-15,TLKM.JK,xgboost,0.49596,0,HOLD
2025-01-16,TLKM.JK,xgboost,0.43915,0,SELL
2025-01-17,TLKM.JK,xgboost,0.43999,0,SELL
2025-01-20,TLKM.JK,xgboost,0.43869,0,SELL
2025-01-21,TLKM.JK,xgboost,0.43682,0,SELL
2025-01-22,TLKM.JK,xgboost,0.55264,1,BUY
2025-01-23,TLKM.JK,xgboost,0.41437,0,SELL
2025-01-24,TLKM.JK,xgboost,0.49811,0,HOLD
2025-01-30,TLKM.JK,xgboost,0.47088,0,HOLD
2025-01-31,TLKM.JK,xgboost,0.46252,0,HOLD
2025-02-03,TLKM.JK,xgboost,0.42597,0,SELL
2025-02-04,TLKM.JK,xgboost,0.44194,0,SELL
2025-02-05,TLKM.JK,xgboost,0.45486,0,HOLD
2025-02-06,TLKM.JK,xgboost,0.49596,0,HOLD
2025-02-07,TLKM.JK,xgboost,0.43999,0,SELL
2025-02-10,TLKM.JK,xgboost,0.53913,1,HOLD
2025-02-11,TLKM.JK,xgboost,0.59752,1,BUY
2025-02-12,TLKM.JK,xgboost,0.39259,0,SELL
2025-02-13,TLKM.JK,xgboost,0.41884,0,SELL
2025-02-14,TLKM.JK,xgboost,0.43616,0,SELL
2025-02-17,TLKM.JK,xgboost,0.42071,0,SELL
2025-02-18,TLKM.JK,xgboost,0.39892,0,SELL
2025-02-19,TLKM.JK,xgboost,0.39282,0,SELL
2025-02-20,TLKM.JK,xgboost,0.36301,0,SELL
2025-02-21,TLKM.JK,xgboost,0.45297,0,HOLD
2025-02-24,TLKM.JK,xgboost,0.45484,0,HOLD
2025-02-25,TLKM.JK,xgboost,0.36162,0,SELL
2025-02-26,TLKM.JK,xgboost,0.41858,0,SELL
2025-02-27,TLKM.JK,xgboost,0.38456,0,SELL
2025-02-28,TLKM.JK,xgboost,0.50344,1,HOLD
2025-03-03,TLKM.JK,xgboost,0.43362,0,SELL
2025-03-04,TLKM.JK,xgboost,0.41984,0,SELL
2025-03-05,TLKM.JK,xgboost,0.42592,0,SELL
2025-03-06,TLKM.JK,xgboost,0.42527,0,SELL
2025-03-07,TLKM.JK,xgboost,0.44288,0,SELL
2025-03-10,TLKM.JK,xgboost,0.423,0,SELL
2025-03-11,TLKM.JK,xgboost,0.5097,1,HOLD
2025-03-12,TLKM.JK,xgboost,0.39281,0,SELL
2025-03-13,TLKM.JK,xgboost,0.3311,0,SELL
2025-03-14,TLKM.JK,xgboost,0.44518,0,SELL
2025-03-17,TLKM.JK,xgboost,0.43037,0,SELL
2025-03-18,TLKM.JK,xgboost,0.4285,0,SELL
2025-03-19,TLKM.JK,xgboost,0.44518,0,SELL
2025-03-20,TLKM.JK,xgboost,0.44518,0,SELL
2025-03-21,TLKM.JK,xgboost,0.45312,0,HOLD
2025-03-24,TLKM.JK,xgboost,0.4285,0,SELL
2025-03-25,TLKM.JK,xgboost,0.43869,0,SELL
2025-03-26,TLKM.JK,xgboost,0.56832,1,BUY
2025-03-27,TLKM.JK,xgboost,0.42527,0,SELL
2025-04-08,TLKM.JK,xgboost,0.561,1,BUY
2025-04-09,TLKM.JK,xgboost,0.49421,0,HOLD
2025-04-10,TLKM.JK,xgboost,0.44924,0,SELL
2025-04-11,TLKM.JK,xgboost,0.44972,0,SELL
2025-04-14,TLKM.JK,xgboost,0.38771,0,SELL
2025-04-15,TLKM.JK,xgboost,0.27451,0,SELL
2025-04-16,TLKM.JK,xgboost,0.41884,0,SELL
2025-04-17,TLKM.JK,xgboost,0.47088,0,HOLD
2025-04-21,TLKM.JK,xgboost,0.37456,0,SELL
2025-04-22,TLKM.JK,xgboost,0.45736,0,HOLD
2025-04-23,TLKM.JK,xgboost,0.4285,0,SELL
2025-04-24,TLKM.JK,xgboost,0.40794,0,SELL
2025-04-25,TLKM.JK,xgboost,0.46557,0,HOLD
2025-04-28,TLKM.JK,xgboost,0.49811,0,HOLD
2025-04-29,TLKM.JK,xgboost,0.43682,0,SELL
2025-04-30,TLKM.JK,xgboost,0.44042,0,SELL
2025-05-02,TLKM.JK,xgboost,0.43869,0,SELL
2025-05-05,TLKM.JK,xgboost,0.40961,0,SELL
2025-05-06,TLKM.JK,xgboost,0.44662,0,SELL
2025-05-07,TLKM.JK,xgboost,0.47709,0,HOLD
2025-05-08,TLKM.JK,xgboost,0.51686,1,HOLD
2025-05-09,TLKM.JK,xgboost,0.45162,0,HOLD
2025-05-14,TLKM.JK,xgboost,0.49172,0,HOLD
2025-05-15,TLKM.JK,xgboost,0.41635,0,SELL
2025-05-16,TLKM.JK,xgboost,0.3913,0,SELL
2025-05-19,TLKM.JK,xgboost,0.4285,0,SELL
2025-05-20,TLKM.JK,xgboost,0.53092,1,HOLD
2025-05-21,TLKM.JK,xgboost,0.48153,0,HOLD
2025-05-22,TLKM.JK,xgboost,0.4724,0,HOLD
2025-05-23,TLKM.JK,xgboost,0.50748,1,HOLD
2025-05-26,TLKM.JK,xgboost,0.4687,0,HOLD
2025-05-27,TLKM.JK,xgboost,0.53024,1,HOLD
2025-05-28,TLKM.JK,xgboost,0.57082,1,BUY
2025-06-02,TLKM.JK,xgboost,0.4823,0,HOLD
2025-06-03,TLKM.JK,xgboost,0.45159,0,HOLD
2025-06-04,TLKM.JK,xgboost,0.47564,0,HOLD
2025-06-05,TLKM.JK,xgboost,0.43869,0,SELL
2025-06-10,TLKM.JK,xgboost,0.41884,0,SELL
2025-06-11,TLKM.JK,xgboost,0.32237,0,SELL
2025-06-12,TLKM.JK,xgboost,0.34793,0,SELL
2025-06-13,TLKM.JK,xgboost,0.48184,0,HOLD
2025-06-16,TLKM.JK,xgboost,0.42948,0,SELL
2025-06-17,TLKM.JK,xgboost,0.3514,0,SELL
2025-06-18,TLKM.JK,xgboost,0.43682,0,SELL
2025-06-19,TLKM.JK,xgboost,0.50703,1,HOLD
2025-06-20,TLKM.JK,xgboost,0.5475,1,HOLD
2025-06-23,TLKM.JK,xgboost,0.49172,0,HOLD
2025-06-24,TLKM.JK,xgboost,0.50653,1,HOLD
2025-06-25,TLKM.JK,xgboost,0.39222,0,SELL
2025-06-26,TLKM.JK,xgboost,0.43869,0,SELL
2025-06-30,TLKM.JK,xgboost,0.32409,0,SELL
2025-07-01,TLKM.JK,xgboost,0.36301,0,SELL
2025-07-02,TLKM.JK,xgboost,0.4986,0,HOLD
2025-07-03,TLKM.JK,xgboost,0.52588,1,HOLD
2025-07-04,TLKM.JK,xgboost,0.55404,1,BUY
2025-07-07,TLKM.JK,xgboost,0.3981,0,SELL
2025-07-08,TLKM.JK,xgboost,0.46569,0,HOLD
2025-07-09,TLKM.JK,xgboost,0.49164,0,HOLD
2025-07-10,TLKM.JK,xgboost,0.4542,0,HOLD
2025-07-11,TLKM.JK,xgboost,0.43682,0,SELL
2025-07-14,TLKM.JK,xgboost,0.45809,0,HOLD
2025-07-15,TLKM.JK,xgboost,0.52742,1,HOLD
2025-07-16,TLKM.JK,xgboost,0.49486,0,HOLD
2025-07-17,TLKM.JK,xgboost,0.47786,0,HOLD
2025-07-18,TLKM.JK,xgboost,0.42531,0,SELL
2025-07-21,TLKM.JK,xgboost,0.4282,0,SELL
2025-07-22,TLKM.JK,xgboost,0.43869,0,SELL
2025-07-23,TLKM.JK,xgboost,0.43682,0,SELL
2025-07-24,TLKM.JK,xgboost,0.50949,1,HOLD
2025-07-25,TLKM.JK,xgboost,0.45159,0,HOLD
2025-07-28,TLKM.JK,xgboost,0.43682,0,SELL
2025-07-29,TLKM.JK,xgboost,0.43682,0,SELL
2025-07-30,TLKM.JK,xgboost,0.4724,0,HOLD
2025-07-31,TLKM.JK,xgboost,0.43682,0,SELL
2025-08-01,TLKM.JK,xgboost,0.37037,0,SELL
2025-08-04,TLKM.JK,xgboost,0.25088,0,SELL
2025-08-05,TLKM.JK,xgboost,0.41028,0,SELL
2025-08-06,TLKM.JK,xgboost,0.44194,0,SELL
2025-08-07,TLKM.JK,xgboost,0.4724,0,HOLD
2025-08-08,TLKM.JK,xgboost,0.48703,0,HOLD
2025-08-11,TLKM.JK,xgboost,0.40159,0,SELL
2025-08-12,TLKM.JK,xgboost,0.38131,0,SELL
2025-08-13,TLKM.JK,xgboost,0.16828,0,SELL
2025-08-14,TLKM.JK,xgboost,0.1272,0,SELL
2025-08-15,TLKM.JK,xgboost,0.46226,0,HOLD
2025-08-19,TLKM.JK,xgboost,0.52454,1,HOLD
2025-08-20,TLKM.JK,xgboost,0.3951,0,SELL
2025-08-21,TLKM.JK,xgboost,0.3566,0,SELL
2025-08-22,TLKM.JK,xgboost,0.34429,0,SELL
2025-08-25,TLKM.JK,xgboost,0.29153,0,SELL
2025-08-26,TLKM.JK,xgboost,0.39403,0,SELL
2025-08-27,TLKM.JK,xgboost,0.47088,0,HOLD
2025-08-28,TLKM.JK,xgboost,0.44428,0,SELL
2025-08-29,TLKM.JK,xgboost,0.41366,0,SELL
2025-09-01,TLKM.JK,xgboost,0.49172,0,HOLD
2025-09-02,TLKM.JK,xgboost,0.42592,0,SELL
2025-09-03,TLKM.JK,xgboost,0.4285,0,SELL
2025-09-04,TLKM.JK,xgboost,0.1945,0,SELL
2025-09-08,TLKM.JK,xgboost,0.44892,0,SELL
2025-09-09,TLKM.JK,xgboost,0.43999,0,SELL
2025-09-10,TLKM.JK,xgboost,0.27829,0,SELL
2025-09-11,TLKM.JK,xgboost,0.44518,0,SELL
2025-09-12,TLKM.JK,xgboost,0.44843,0,SELL
2025-09-15,TLKM.JK,xgboost,0.44518,0,SELL
2025-09-16,TLKM.JK,xgboost,0.29533,0,SELL
2025-09-17,TLKM.JK,xgboost,0.40183,0,SELL
2025-09-18,TLKM.JK,xgboost,0.44026,0,SELL
2025-09-19,TLKM.JK,xgboost,0.44194,0,SELL
2025-09-22,TLKM.JK,xgboost,0.44972,0,SELL
2025-09-23,TLKM.JK,xgboost,0.52186,1,HOLD
2025-09-24,TLKM.JK,xgboost,0.44843,0,SELL
2025-09-25,TLKM.JK,xgboost,0.47432,0,HOLD
2025-09-26,TLKM.JK,xgboost,0.4997,0,HOLD
2025-09-29,TLKM.JK,xgboost,0.45187,0,HOLD
2025-09-30,TLKM.JK,xgboost,0.46976,0,HOLD
2025-10-01,TLKM.JK,xgboost,0.5118,1,HOLD
2025-10-02,TLKM.JK,xgboost,0.423,0,SELL
2025-10-03,TLKM.JK,xgboost,0.45964,0,HOLD
2025-10-06,TLKM.JK,xgboost,0.49172,0,HOLD
2025-10-07,TLKM.JK,xgboost,0.42942,0,SELL
2025-10-08,TLKM.JK,xgboost,0.44843,0,SELL
2025-10-09,TLKM.JK,xgboost,0.44843,0,SELL
2025-10-10,TLKM.JK,xgboost,0.39638,0,SELL
2025-10-13,TLKM.JK,xgboost,0.43682,0,SELL
2025-10-14,TLKM.JK,xgboost,0.44862,0,SELL
2025-10-15,TLKM.JK,xgboost,0.43869,0,SELL
2025-10-16,TLKM.JK,xgboost,0.46916,0,HOLD
2025-10-17,TLKM.JK,xgboost,0.48306,0,HOLD
2025-10-20,TLKM.JK,xgboost,0.48753,0,HOLD
2025-10-21,TLKM.JK,xgboost,0.43292,0,SELL
2025-10-22,TLKM.JK,xgboost,0.44194,0,SELL
2025-10-23,TLKM.JK,xgboost,0.37521,0,SELL
2025-10-24,TLKM.JK,xgboost,0.41884,0,SELL
2025-10-27,TLKM.JK,xgboost,0.51493,1,HOLD
2025-10-28,TLKM.JK,xgboost,0.5094,1,HOLD
2025-10-29,TLKM.JK,xgboost,0.46577,0,HOLD
2025-10-30,TLKM.JK,xgboost,0.48223,0,HOLD
2025-10-31,TLKM.JK,xgboost,0.36204,0,SELL
2025-11-03,TLKM.JK,xgboost,0.4228,0,SELL
2025-11-04,TLKM.JK,xgboost,0.44007,0,SELL
2025-11-05,TLKM.JK,xgboost,0.4643,0,HOLD
2025-11-06,TLKM.JK,xgboost,0.4542,0,HOLD
2025-11-07,TLKM.JK,xgboost,0.43682,0,SELL
2025-11-10,TLKM.JK,xgboost,0.50229,1,HOLD
2025-11-11,TLKM.JK,xgboost,0.42527,0,SELL
2025-11-12,TLKM.JK,xgboost,0.35841,0,SELL
2025-11-13,TLKM.JK,xgboost,0.48649,0,HOLD
2025-11-14,TLKM.JK,xgboost,0.40418,0,SELL
2025-11-17,TLKM.JK,xgboost,0.32601,0,SELL
2025-11-18,TLKM.JK,xgboost,0.43869,0,SELL
2025-11-19,TLKM.JK,xgboost,0.44194,0,SELL
2025-11-20,TLKM.JK,xgboost,0.42948,0,SELL
2025-11-21,TLKM.JK,xgboost,0.50703,1,HOLD
2025-11-24,TLKM.JK,xgboost,0.38679,0,SELL
2025-11-25,TLKM.JK,xgboost,0.30766,0,SELL
2025-11-26,TLKM.JK,xgboost,0.46866,0,HOLD
2025-11-27,TLKM.JK,xgboost,0.54608,1,HOLD
2025-11-28,TLKM.JK,xgboost,0.80161,1,BUY
2025-12-01,TLKM.JK,xgboost,0.32157,0,SELL
2025-12-02,TLKM.JK,xgboost,0.45843,0,HOLD
2025-12-03,TLKM.JK,xgboost,0.51635,1,HOLD
2025-12-04,TLKM.JK,xgboost,0.29676,0,SELL
2025-12-05,TLKM.JK,xgboost,0.37075,0,SELL
2025-12-08,TLKM.JK,xgboost,0.45345,0,HOLD
2025-12-09,TLKM.JK,xgboost,0.58489,1,BUY
2025-12-10,TLKM.JK,xgboost,0.43682,0,SELL
2025-12-11,TLKM.JK,xgboost,0.54087,1,HOLD
2025-12-12,TLKM.JK,xgboost,0.53912,1,HOLD
2025-12-15,TLKM.JK,xgboost,0.50608,1,HOLD
2025-12-16,TLKM.JK,xgboost,0.47757,0,HOLD
2025-12-17,TLKM.JK,xgboost,0.42871,0,SELL
2025-12-18,TLKM.JK,xgboost,0.48542,0,HOLD
2025-12-19,TLKM.JK,xgboost,0.48839,0,HOLD
2025-12-22,TLKM.JK,xgboost,0.44843,0,SELL
2025-12-23,TLKM.JK,xgboost,0.37495,0,SELL
2025-12-24,TLKM.JK,xgboost,0.37643,0,SELL
2025-12-29,TLKM.JK,xgboost,0.36745,0,SELL
2025-12-30,TLKM.JK,xgboost,0.38613,0,SELL
2026-01-02,TLKM.JK,xgboost,0.40418,0,SELL
2026-01-05,TLKM.JK,xgboost,0.4125,0,SELL
2026-01-06,TLKM.JK,xgboost,0.42948,0,SELL
2026-01-07,TLKM.JK,xgboost,0.43682,0,SELL
2026-01-08,TLKM.JK,xgboost,0.47732,0,HOLD
2026-01-09,TLKM.JK,xgboost,0.43871,0,SELL
2026-01-12,TLKM.JK,xgboost,0.43682,0,SELL
2026-01-13,TLKM.JK,xgboost,0.45297,0,HOLD
2026-01-14,TLKM.JK,xgboost,0.39633,0,SELL
2026-01-15,TLKM.JK,xgboost,0.48073,0,HOLD
2026-01-19,TLKM.JK,xgboost,0.46183,0,HOLD
2026-01-20,TLKM.JK,xgboost,0.45486,0,HOLD
2026-01-21,TLKM.JK,xgboost,0.43999,0,SELL
2026-01-22,TLKM.JK,xgboost,0.45312,0,HOLD
2026-01-23,TLKM.JK,xgboost,0.41882,0,SELL
2026-01-26,TLKM.JK,xgboost,0.39639,0,SELL
2026-01-27,TLKM.JK,xgboost,0.42527,0,SELL
2026-01-28,TLKM.JK,xgboost,0.45614,0,HOLD
2026-01-29,TLKM.JK,xgboost,0.42592,0,SELL
2026-01-30,TLKM.JK,xgboost,0.38158,0,SELL
2026-02-02,TLKM.JK,xgboost,0.37003,0,SELL
2026-02-03,TLKM.JK,xgboost,0.37639,0,SELL
2026-02-04,TLKM.JK,xgboost,0.46252,0,HOLD
2026-02-05,TLKM.JK,xgboost,0.40794,0,SELL
2026-02-06,TLKM.JK,xgboost,0.19695,0,SELL
2026-02-09,TLKM.JK,xgboost,0.31172,0,SELL
2026-02-10,TLKM.JK,xgboost,0.31663,0,SELL
2026-02-11,TLKM.JK,xgboost,0.42592,0,SELL
2026-02-12,TLKM.JK,xgboost,0.35719,0,SELL
2026-02-13,TLKM.JK,xgboost,0.43869,0,SELL
2026-02-18,TLKM.JK,xgboost,0.42592,0,SELL
2026-02-19,TLKM.JK,xgboost,0.40961,0,SELL
2026-02-20,TLKM.JK,xgboost,0.43871,0,SELL
2026-02-23,TLKM.JK,xgboost,0.35304,0,SELL
2026-02-24,TLKM.JK,xgboost,0.37843,0,SELL
2026-02-25,TLKM.JK,xgboost,0.42414,0,SELL
2026-02-26,TLKM.JK,xgboost,0.44518,0,SELL
2026-02-27,TLKM.JK,xgboost,0.43871,0,SELL
2026-03-02,TLKM.JK,xgboost,0.51635,1,HOLD
2026-03-03,TLKM.JK,xgboost,0.38258,0,SELL
2026-03-04,TLKM.JK,xgboost,0.5727,1,BUY
2026-03-05,TLKM.JK,xgboost,0.4865,0,HOLD
2026-03-06,TLKM.JK,xgboost,0.40185,0,SELL
2026-03-09,TLKM.JK,xgboost,0.58,1,BUY
2026-03-10,TLKM.JK,xgboost,0.51176,1,HOLD
2026-03-11,TLKM.JK,xgboost,0.5892,1,BUY
2026-03-12,TLKM.JK,xgboost,0.44972,0,SELL
2026-03-13,TLKM.JK,xgboost,0.53256,1,HOLD
2026-03-16,TLKM.JK,xgboost,0.52742,1,HOLD
2026-03-17,TLKM.JK,xgboost,0.4282,0,SELL
2026-03-25,TLKM.JK,xgboost,0.52095,1,HOLD
2026-03-26,TLKM.JK,xgboost,0.37495,0,SELL
2026-03-27,TLKM.JK,xgboost,0.42273,0,SELL
2026-03-30,TLKM.JK,xgboost,0.44554,0,SELL
2026-03-31,TLKM.JK,xgboost,0.44518,0,SELL
2026-04-01,TLKM.JK,xgboost,0.50181,1,HOLD
2026-04-02,TLKM.JK,xgboost,0.38256,0,SELL
2026-04-06,TLKM.JK,xgboost,0.4228,0,SELL
2026-04-07,TLKM.JK,xgboost,0.43682,0,SELL
2026-04-08,TLKM.JK,xgboost,0.46252,0,HOLD
2026-04-09,TLKM.JK,xgboost,0.44554,0,SELL
2026-04-10,TLKM.JK,xgboost,0.46079,0,HOLD
2026-04-13,TLKM.JK,xgboost,0.44026,0,SELL
2026-04-14,TLKM.JK,xgboost,0.44518,0,SELL
2026-04-15,TLKM.JK,xgboost,0.50279,1,HOLD
2026-04-16,TLKM.JK,xgboost,0.43682,0,SELL
2026-04-17,TLKM.JK,xgboost,0.47709,0,HOLD
2026-04-20,TLKM.JK,xgboost,0.45908,0,HOLD
2026-04-21,TLKM.JK,xgboost,0.46133,0,HOLD
2026-04-22,TLKM.JK,xgboost,0.44518,0,SELL
2026-04-23,TLKM.JK,xgboost,0.52742,1,HOLD
2026-04-24,TLKM.JK,xgboost,0.50579,1,HOLD
2026-04-27,TLKM.JK,xgboost,0.46133,0,HOLD
2026-04-28,TLKM.JK,xgboost,0.59956,1,BUY
2026-04-29,TLKM.JK,xgboost,0.54287,1,HOLD
2026-04-30,TLKM.JK,xgboost,0.57377,1,BUY
2026-05-04,TLKM.JK,xgboost,0.43359,0,SELL
2026-05-05,TLKM.JK,xgboost,0.40345,0,SELL
2026-05-06,TLKM.JK,xgboost,0.53694,1,HOLD
2026-05-07,TLKM.JK,xgboost,0.50703,1,HOLD
2026-05-08,TLKM.JK,xgboost,0.50653,1,HOLD
2026-05-11,TLKM.JK,xgboost,0.44892,0,SELL
2026-05-12,TLKM.JK,xgboost,0.44518,0,SELL
2026-05-13,TLKM.JK,xgboost,0.44518,0,SELL
2026-05-18,TLKM.JK,xgboost,0.5369,1,HOLD
2026-05-19,TLKM.JK,xgboost,0.45518,0,HOLD
2026-05-20,TLKM.JK,xgboost,0.42948,0,SELL
2026-05-21,TLKM.JK,xgboost,0.45809,0,HOLD
2026-05-22,TLKM.JK,xgboost,0.48256,0,HOLD
2026-05-25,TLKM.JK,xgboost,0.40703,0,SELL
2026-05-26,TLKM.JK,xgboost,0.56614,1,BUY
2026-05-29,TLKM.JK,xgboost,0.50988,1,HOLD
2026-06-02,TLKM.JK,xgboost,0.50185,1,HOLD
2026-06-03,TLKM.JK,xgboost,0.56095,1,BUY
2026-06-04,TLKM.JK,xgboost,0.44792,0,SELL
2026-06-05,TLKM.JK,xgboost,0.41984,0,SELL
2026-06-08,TLKM.JK,xgboost,0.50496,1,HOLD
2026-06-09,TLKM.JK,xgboost,0.29733,0,SELL
2026-06-10,TLKM.JK,xgboost,0.33361,0,SELL
2026-06-11,TLKM.JK,xgboost,0.5143,1,HOLD
2026-06-12,TLKM.JK,xgboost,0.38547,0,SELL
2026-06-15,TLKM.JK,xgboost,0.40893,0,SELL
2026-06-17,TLKM.JK,xgboost,0.47351,0,HOLD
2026-06-18,TLKM.JK,xgboost,0.48058,0,HOLD
2026-06-19,TLKM.JK,xgboost,0.39222,0,SELL
2026-06-22,TLKM.JK,xgboost,0.38057,0,SELL
2026-06-23,TLKM.JK,xgboost,0.20409,0,SELL
2026-06-24,TLKM.JK,xgboost,0.37075,0,SELL
2026-06-25,TLKM.JK,xgboost,0.42948,0,SELL
2026-06-26,TLKM.JK,xgboost,0.44862,0,SELL
2026-06-29,TLKM.JK,xgboost,0.46893,0,HOLD
2026-06-30,TLKM.JK,xgboost,0.46764,0,HOLD
2026-07-01,TLKM.JK,xgboost,0.33665,0,SELL
2026-07-02,TLKM.JK,xgboost,0.36301,0,SELL
2026-07-03,TLKM.JK,xgboost,0.41825,0,SELL
2026-07-06,TLKM.JK,xgboost,0.47088,0,HOLD
2026-07-07,TLKM.JK,xgboost,0.46252,0,HOLD
2026-07-08,TLKM.JK,xgboost,0.48379,0,HOLD
2026-07-09,TLKM.JK,xgboost,0.46252,0,HOLD
2026-07-10,TLKM.JK,xgboost,0.48703,0,HOLD
2026-07-13,TLKM.JK,xgboost,0.40794,0,SELL
2026-07-14,TLKM.JK,xgboost,0.45289,0,HOLD
2026-07-15,TLKM.JK,xgboost,0.43682,0,SELL
2026-07-16,TLKM.JK,xgboost,0.45345,0,HOLD
2026-07-17,TLKM.JK,xgboost,0.51385,1,HOLD
2026-07-20,TLKM.JK,xgboost,0.38573,0,SELL
2026-07-21,TLKM.JK,xgboost,0.48395,0,HOLD
2026-07-22,TLKM.JK,xgboost,0.4285,0,SELL
2026-07-23,TLKM.JK,xgboost,0.48054,0,HOLD
2026-07-24,TLKM.JK,xgboost,0.44972,0,SELL
2026-07-27,TLKM.JK,xgboost,0.47754,0,HOLD
2026-07-28,TLKM.JK,xgboost,0.46507,0,HOLD
2026-07-29,TLKM.JK,xgboost,0.44518,0,SELL
2026-07-30,TLKM.JK,xgboost,0.43863,0,SELL
2026-07-31,TLKM.JK,xgboost,0.43869,0,SELL
2026-08-03,TLKM.JK,xgboost,0.41152,0,SELL
2026-08-04,TLKM.JK,xgboost,0.43682,0,SELL
2026-08-05,TLKM.JK,xgboost,0.43869,0,SELL
2026-08-06,TLKM.JK,xgboost,0.49336,0,HOLD
2026-08-07,TLKM.JK,xgboost,0.40961,0,SELL
2026-08-10,TLKM.JK,xgboost,0.47729,0,HOLD
2026-08-11,TLKM.JK,xgboost,0.54982,1,HOLD
2026-08-12,TLKM.JK,xgboost,0.43244,0,SELL
2026-08-13,TLKM.JK,xgboost,0.52802,1,HOLD
2026-08-14,TLKM.JK,xgboost,0.43999,0,SELL
2026-08-18,TLKM.JK,xgboost,0.43999,0,SELL
2026-08-19,TLKM.JK,xgboost,0.45389,0,HOLD
2026-08-20,TLKM.JK,xgboost,0.44972,0,SELL
2026-08-21,TLKM.JK,xgboost,0.44026,0,SELL
2026-08-24,TLKM.JK,xgboost,0.42467,0,SELL
2026-08-26,TLKM.JK,xgboost,0.41695,0,SELL
2026-08-27,TLKM.JK,xgboost,0.43682,0,SELL
2026-08-28,TLKM.JK,xgboost,0.46764,0,HOLD
2026-08-31,TLKM.JK,xgboost,0.46912,0,HOLD
